date,product,channel,region,quantity,unit_price,revenue
2026-01-01,Laptop,Online,TP.HCM,6,24437573,146625438
2026-01-01,Laptop,Offline,Hà Nội,6,24006237,144037422
2026-01-01,Laptop,Đối tác,Hải Phòng,6,24804804,148828824
2026-01-01,Laptop,Social Media,TP.HCM,6,24331652,145989912
2026-01-01,Điện thoại,Online,Hải Phòng,24,7759070,186217680
2026-01-01,Điện thoại,Offline,Hải Phòng,29,7959367,230821643
2026-01-01,Điện thoại,Đối tác,Đà Nẵng,33,7605199,250971567
2026-01-01,Điện thoại,Social Media,Hà Nội,32,7872200,251910400
2026-01-01,Máy tính bảng,Online,Hà Nội,10,12316192,123161920
2026-01-01,Máy tính bảng,Offline,TP.HCM,10,11516059,115160590
2026-01-01,Máy tính bảng,Đối tác,Đà Nẵng,12,12368553,148422636
2026-01-01,Máy tính bảng,Social Media,Cần Thơ,12,12567738,150812856
2026-01-01,Tai nghe,Online,Cần Thơ,41,1468976,60228016
2026-01-01,Tai nghe,Offline,Hải Phòng,57,1479245,84316965
2026-01-01,Tai nghe,Đối tác,Hà Nội,54,1431873,77321142
2026-01-01,Tai nghe,Social Media,Hà Nội,55,1572783,86503065
2026-01-01,Camera,Online,Hà Nội,5,17784227,88921135
2026-01-01,Camera,Offline,Cần Thơ,5,17756697,88783485
2026-01-01,Camera,Đối tác,Đà Nẵng,4,18306315,73225260
2026-01-01,Camera,Social Media,TP.HCM,5,17408049,87040245
2026-01-02,Laptop,Online,Hà Nội,6,24698638,148191828
2026-01-02,Laptop,Offline,Hải Phòng,7,24560706,171924942
2026-01-02,Laptop,Đối tác,TP.HCM,7,23830250,166811750
2026-01-02,Laptop,Social Media,Đà Nẵng,7,23915471,167408297
2026-01-02,Điện thoại,Online,Hải Phòng,34,7851742,266959228
2026-01-02,Điện thoại,Offline,Cần Thơ,28,8331638,233285864
2026-01-02,Điện thoại,Đối tác,Cần Thơ,25,7711704,192792600
2026-01-02,Điện thoại,Social Media,Hải Phòng,30,8197611,245928330
2026-01-02,Máy tính bảng,Online,Cần Thơ,13,11879280,154430640
2026-01-02,Máy tính bảng,Offline,Hà Nội,14,11565998,161923972
2026-01-02,Máy tính bảng,Đối tác,Cần Thơ,10,11456539,114565390
2026-01-02,Máy tính bảng,Social Media,TP.HCM,10,11591978,115919780
2026-01-02,Tai nghe,Online,Cần Thơ,51,1482715,75618465
2026-01-02,Tai nghe,Offline,Hải Phòng,59,1504367,88757653
2026-01-02,Tai nghe,Đối tác,Hải Phòng,57,1426722,81323154
2026-01-02,Tai nghe,Social Media,TP.HCM,53,1505545,79793885
2026-01-02,Camera,Online,Đà Nẵng,5,17712315,88561575
2026-01-02,Camera,Offline,Đà Nẵng,4,17916702,71666808
2026-01-02,Camera,Đối tác,Đà Nẵng,5,18471531,92357655
2026-01-02,Camera,Social Media,Hải Phòng,5,18666933,93334665
2026-01-03,Laptop,Online,Đà Nẵng,9,25019157,225172413
2026-01-03,Laptop,Offline,Hà Nội,6,25656277,153937662
2026-01-03,Laptop,Đối tác,Hải Phòng,9,26056085,234504765
2026-01-03,Laptop,Social Media,TP.HCM,8,24971514,199772112
2026-01-03,Điện thoại,Online,TP.HCM,35,8302977,290604195
2026-01-03,Điện thoại,Offline,Đà Nẵng,26,7792697,202610122
2026-01-03,Điện thoại,Đối tác,Hải Phòng,35,7668522,268398270
2026-01-03,Điện thoại,Social Media,Cần Thơ,33,8382387,276618771
2026-01-03,Máy tính bảng,Online,Hải Phòng,13,11554069,150202897
2026-01-03,Máy tính bảng,Offline,Cần Thơ,14,11598152,162374128
2026-01-03,Máy tính bảng,Đối tác,Hải Phòng,13,11907765,154800945
2026-01-03,Máy tính bảng,Social Media,Hà Nội,14,12306318,172288452
2026-01-03,Tai nghe,Online,Hà Nội,54,1484848,80181792
2026-01-03,Tai nghe,Offline,Đà Nẵng,48,1502636,72126528
2026-01-03,Tai nghe,Đối tác,TP.HCM,44,1434603,63122532
2026-01-03,Tai nghe,Social Media,TP.HCM,51,1459517,74435367
2026-01-03,Camera,Online,Hà Nội,4,18374113,73496452
2026-01-03,Camera,Offline,TP.HCM,4,18729756,74919024
2026-01-03,Camera,Đối tác,Đà Nẵng,4,17528408,70113632
2026-01-03,Camera,Social Media,Cần Thơ,4,17338161,69352644
2026-01-04,Laptop,Online,Hải Phòng,8,24357493,194859944
2026-01-04,Laptop,Offline,Cần Thơ,8,24226024,193808192
2026-01-04,Laptop,Đối tác,TP.HCM,8,24635743,197085944
2026-01-04,Laptop,Social Media,Cần Thơ,7,25572689,179008823
2026-01-04,Điện thoại,Online,TP.HCM,24,8182570,196381680
2026-01-04,Điện thoại,Offline,TP.HCM,26,7752167,201556342
2026-01-04,Điện thoại,Đối tác,Cần Thơ,25,7746790,193669750
2026-01-04,Điện thoại,Social Media,Cần Thơ,26,8338612,216803912
2026-01-04,Máy tính bảng,Online,Cần Thơ,13,12427160,161553080
2026-01-04,Máy tính bảng,Offline,TP.HCM,9,12599138,113392242
2026-01-04,Máy tính bảng,Đối tác,TP.HCM,14,12511640,175162960
2026-01-04,Máy tính bảng,Social Media,Hà Nội,10,11982769,119827690
2026-01-04,Tai nghe,Online,Hà Nội,57,1560366,88940862
2026-01-04,Tai nghe,Offline,Hà Nội,47,1572796,73921412
2026-01-04,Tai nghe,Đối tác,Đà Nẵng,58,1542769,89480602
2026-01-04,Tai nghe,Social Media,Đà Nẵng,48,1568597,75292656
2026-01-04,Camera,Online,Hải Phòng,5,17976008,89880040
2026-01-04,Camera,Offline,Hà Nội,4,18843676,75374704
2026-01-04,Camera,Đối tác,Hải Phòng,5,17209723,86048615
2026-01-04,Camera,Social Media,Đà Nẵng,4,18151519,72606076
2026-01-05,Laptop,Online,Hải Phòng,9,25077815,225700335
2026-01-05,Laptop,Offline,TP.HCM,9,23950278,215552502
2026-01-05,Laptop,Đối tác,Hà Nội,6,23919902,143519412
2026-01-05,Laptop,Social Media,Hà Nội,7,26103990,182727930
2026-01-05,Điện thoại,Online,Hải Phòng,26,8075615,209965990
2026-01-05,Điện thoại,Offline,Hải Phòng,24,8125898,195021552
2026-01-05,Điện thoại,Đối tác,Hải Phòng,30,8347765,250432950
2026-01-05,Điện thoại,Social Media,Hà Nội,32,7851347,251243104
2026-01-05,Máy tính bảng,Online,Đà Nẵng,11,12206028,134266308
2026-01-05,Máy tính bảng,Offline,Đà Nẵng,11,12514821,137663031
2026-01-05,Máy tính bảng,Đối tác,TP.HCM,9,12145391,109308519
2026-01-05,Máy tính bảng,Social Media,Hải Phòng,14,11487912,160830768
2026-01-05,Tai nghe,Online,Hà Nội,50,1444868,72243400
2026-01-05,Tai nghe,Offline,Đà Nẵng,57,1556890,88742730
2026-01-05,Tai nghe,Đối tác,Đà Nẵng,45,1490727,67082715
2026-01-05,Tai nghe,Social Media,Hải Phòng,54,1516751,81904554
2026-01-05,Camera,Online,Hải Phòng,4,18570787,74283148
2026-01-05,Camera,Offline,Đà Nẵng,5,17286455,86432275
2026-01-05,Camera,Đối tác,Hà Nội,4,18701482,74805928
2026-01-05,Camera,Social Media,Hải Phòng,4,17607161,70428644
2026-01-06,Laptop,Online,Hà Nội,8,24258993,194071944
2026-01-06,Laptop,Offline,Đà Nẵng,8,24377803,195022424
2026-01-06,Laptop,Đối tác,TP.HCM,6,24808939,148853634
2026-01-06,Laptop,Social Media,Đà Nẵng,6,24583891,147503346
2026-01-06,Điện thoại,Online,Hà Nội,31,7809564,242096484
2026-01-06,Điện thoại,Offline,Cần Thơ,30,7942149,238264470
2026-01-06,Điện thoại,Đối tác,TP.HCM,25,8356040,208901000
2026-01-06,Điện thoại,Social Media,Hà Nội,30,8267676,248030280
2026-01-06,Máy tính bảng,Online,Hải Phòng,12,11915744,142988928
2026-01-06,Máy tính bảng,Offline,TP.HCM,11,12478777,137266547
2026-01-06,Máy tính bảng,Đối tác,TP.HCM,13,11652091,151477183
2026-01-06,Máy tính bảng,Social Media,Hà Nội,12,11824414,141892968
2026-01-06,Tai nghe,Online,Hải Phòng,57,1485956,84699492
2026-01-06,Tai nghe,Offline,Hải Phòng,54,1563864,84448656
2026-01-06,Tai nghe,Đối tác,Hà Nội,57,1571430,89571510
2026-01-06,Tai nghe,Social Media,Hà Nội,57,1428717,81436869
2026-01-06,Camera,Online,Đà Nẵng,5,17841083,89205415
2026-01-06,Camera,Offline,Hà Nội,4,18517274,74069096
2026-01-06,Camera,Đối tác,TP.HCM,4,17169704,68678816
2026-01-06,Camera,Social Media,Cần Thơ,4,18569855,74279420
2026-01-07,Laptop,Online,Cần Thơ,7,25801340,180609380
2026-01-07,Laptop,Offline,Hà Nội,7,25400082,177800574
2026-01-07,Laptop,Đối tác,Cần Thơ,7,25910882,181376174
2026-01-07,Laptop,Social Media,Đà Nẵng,7,25023514,175164598
2026-01-07,Điện thoại,Online,Hải Phòng,27,7622080,205796160
2026-01-07,Điện thoại,Offline,Đà Nẵng,26,8370027,217620702
2026-01-07,Điện thoại,Đối tác,Đà Nẵng,24,8077257,193854168
2026-01-07,Điện thoại,Social Media,Đà Nẵng,32,7850941,251230112
2026-01-07,Máy tính bảng,Online,Hải Phòng,14,11538774,161542836
2026-01-07,Máy tính bảng,Offline,Hải Phòng,10,11453263,114532630
2026-01-07,Máy tính bảng,Đối tác,Cần Thơ,9,12510690,112596210
2026-01-07,Máy tính bảng,Social Media,Hải Phòng,12,12528315,150339780
2026-01-07,Tai nghe,Online,Hà Nội,47,1435496,67468312
2026-01-07,Tai nghe,Offline,Đà Nẵng,52,1524508,79274416
2026-01-07,Tai nghe,Đối tác,TP.HCM,54,1470048,79382592
2026-01-07,Tai nghe,Social Media,Đà Nẵng,53,1473927,78118131
2026-01-07,Camera,Online,Đà Nẵng,5,17445312,87226560
2026-01-07,Camera,Offline,Cần Thơ,5,18725049,93625245
2026-01-07,Camera,Đối tác,Hải Phòng,5,17830935,89154675
2026-01-07,Camera,Social Media,TP.HCM,4,17478328,69913312
2026-01-08,Laptop,Online,Hải Phòng,8,24555623,196444984
2026-01-08,Laptop,Offline,Cần Thơ,7,24284253,169989771
2026-01-08,Laptop,Đối tác,Cần Thơ,8,26149580,209196640
2026-01-08,Laptop,Social Media,Hà Nội,8,24459466,195675728
2026-01-08,Điện thoại,Online,Hải Phòng,28,8254738,231132664
2026-01-08,Điện thoại,Offline,Hà Nội,32,7779712,248950784
2026-01-08,Điện thoại,Đối tác,Hà Nội,25,7636970,190924250
2026-01-08,Điện thoại,Social Media,Cần Thơ,31,8214791,254658521
2026-01-08,Máy tính bảng,Online,Cần Thơ,11,12155718,133712898
2026-01-08,Máy tính bảng,Offline,Hà Nội,13,11860774,154190062
2026-01-08,Máy tính bảng,Đối tác,Cần Thơ,10,12187269,121872690
2026-01-08,Máy tính bảng,Social Media,TP.HCM,13,12432528,161622864
2026-01-08,Tai nghe,Online,TP.HCM,55,1457826,80180430
2026-01-08,Tai nghe,Offline,Hải Phòng,49,1508610,73921890
2026-01-08,Tai nghe,Đối tác,TP.HCM,49,1545212,75715388
2026-01-08,Tai nghe,Social Media,Hải Phòng,59,1514317,89344703
2026-01-08,Camera,Online,Cần Thơ,5,18394693,91973465
2026-01-08,Camera,Offline,Hải Phòng,4,18732338,74929352
2026-01-08,Camera,Đối tác,Cần Thơ,5,18438579,92192895
2026-01-08,Camera,Social Media,Cần Thơ,4,18453198,73812792
2026-01-09,Laptop,Online,Đà Nẵng,8,25053249,200425992
2026-01-09,Laptop,Offline,Hà Nội,7,23943708,167605956
2026-01-09,Laptop,Đối tác,Đà Nẵng,7,24589618,172127326
2026-01-09,Laptop,Social Media,Hải Phòng,6,24127076,144762456
2026-01-09,Điện thoại,Online,Cần Thơ,32,8165135,261284320
2026-01-09,Điện thoại,Offline,TP.HCM,28,7864705,220211740
2026-01-09,Điện thoại,Đối tác,Cần Thơ,28,7765467,217433076
2026-01-09,Điện thoại,Social Media,Cần Thơ,28,8215836,230043408
2026-01-09,Máy tính bảng,Online,TP.HCM,13,12318713,160143269
2026-01-09,Máy tính bảng,Offline,Cần Thơ,11,12531289,137844179
2026-01-09,Máy tính bảng,Đối tác,Đà Nẵng,13,12424137,161513781
2026-01-09,Máy tính bảng,Social Media,Cần Thơ,12,12281560,147378720
2026-01-09,Tai nghe,Online,Hải Phòng,57,1498234,85399338
2026-01-09,Tai nghe,Offline,Đà Nẵng,48,1429353,68608944
2026-01-09,Tai nghe,Đối tác,Đà Nẵng,53,1544721,81870213
2026-01-09,Tai nghe,Social Media,Hà Nội,56,1562931,87524136
2026-01-09,Camera,Online,Hải Phòng,5,18732471,93662355
2026-01-09,Camera,Offline,Hải Phòng,5,17148783,85743915
2026-01-09,Camera,Đối tác,Cần Thơ,4,17931057,71724228
2026-01-09,Camera,Social Media,TP.HCM,4,17689234,70756936
2026-01-10,Laptop,Online,Cần Thơ,7,25653074,179571518
2026-01-10,Laptop,Offline,Cần Thơ,7,26128010,182896070
2026-01-10,Laptop,Đối tác,Cần Thơ,7,23954765,167683355
2026-01-10,Laptop,Social Media,TP.HCM,8,23880214,191041712
2026-01-10,Điện thoại,Online,Đà Nẵng,26,7654894,199027244
2026-01-10,Điện thoại,Offline,TP.HCM,33,8359689,275869737
2026-01-10,Điện thoại,Đối tác,Hà Nội,34,8097068,275300312
2026-01-10,Điện thoại,Social Media,Hà Nội,25,8135567,203389175
2026-01-10,Máy tính bảng,Online,Hải Phòng,14,11958040,167412560
2026-01-10,Máy tính bảng,Offline,Đà Nẵng,13,11601346,150817498
2026-01-10,Máy tính bảng,Đối tác,Hải Phòng,14,12262028,171668392
2026-01-10,Máy tính bảng,Social Media,Hà Nội,14,11529718,161416052
2026-01-10,Tai nghe,Online,TP.HCM,58,1511369,87659402
2026-01-10,Tai nghe,Offline,Cần Thơ,47,1532252,72015844
2026-01-10,Tai nghe,Đối tác,TP.HCM,51,1549585,79028835
2026-01-10,Tai nghe,Social Media,Hà Nội,42,1540872,64716624
2026-01-10,Camera,Online,Hải Phòng,5,18533208,92666040
2026-01-10,Camera,Offline,Hải Phòng,5,17724966,88624830
2026-01-10,Camera,Đối tác,Cần Thơ,5,17224122,86120610
2026-01-10,Camera,Social Media,Đà Nẵng,4,17856105,71424420
2026-01-11,Laptop,Online,Cần Thơ,6,26151968,156911808
2026-01-11,Laptop,Offline,Cần Thơ,8,24838717,198709736
2026-01-11,Laptop,Đối tác,Hải Phòng,9,24425205,219826845
2026-01-11,Laptop,Social Media,Hải Phòng,8,24912184,199297472
2026-01-11,Điện thoại,Online,Hải Phòng,27,8281370,223596990
2026-01-11,Điện thoại,Offline,TP.HCM,27,7960641,214937307
2026-01-11,Điện thoại,Đối tác,Cần Thơ,30,8134550,244036500
2026-01-11,Điện thoại,Social Media,Đà Nẵng,24,8280762,198738288
2026-01-11,Máy tính bảng,Online,Hà Nội,11,11825789,130083679
2026-01-11,Máy tính bảng,Offline,Đà Nẵng,11,12456383,137020213
2026-01-11,Máy tính bảng,Đối tác,Đà Nẵng,12,12019952,144239424
2026-01-11,Máy tính bảng,Social Media,Hà Nội,10,12264089,122640890
2026-01-11,Tai nghe,Online,Cần Thơ,51,1461048,74513448
2026-01-11,Tai nghe,Offline,Cần Thơ,52,1498623,77928396
2026-01-11,Tai nghe,Đối tác,TP.HCM,41,1458239,59787799
2026-01-11,Tai nghe,Social Media,Hà Nội,46,1512233,69562718
2026-01-11,Camera,Online,Cần Thơ,5,17718763,88593815
2026-01-11,Camera,Offline,Hải Phòng,4,18365138,73460552
2026-01-11,Camera,Đối tác,Đà Nẵng,4,17514968,70059872
2026-01-11,Camera,Social Media,Hà Nội,4,18437185,73748740
2026-01-12,Laptop,Online,Hà Nội,7,25596511,179175577
2026-01-12,Laptop,Offline,Đà Nẵng,8,26191517,209532136
2026-01-12,Laptop,Đối tác,Hải Phòng,8,26201276,209610208
2026-01-12,Laptop,Social Media,Hà Nội,7,24652202,172565414
2026-01-12,Điện thoại,Online,Đà Nẵng,24,8027308,192655392
2026-01-12,Điện thoại,Offline,Đà Nẵng,24,7643620,183446880
2026-01-12,Điện thoại,Đối tác,Đà Nẵng,32,7701023,246432736
2026-01-12,Điện thoại,Social Media,Cần Thơ,25,7609812,190245300
2026-01-12,Máy tính bảng,Online,Đà Nẵng,11,11928562,131214182
2026-01-12,Máy tính bảng,Offline,Hà Nội,14,11702974,163841636
2026-01-12,Máy tính bảng,Đối tác,Cần Thơ,10,11478412,114784120
2026-01-12,Máy tính bảng,Social Media,Cần Thơ,9,12155334,109398006
2026-01-12,Tai nghe,Online,TP.HCM,43,1546671,66506853
2026-01-12,Tai nghe,Offline,Đà Nẵng,41,1462228,59951348
2026-01-12,Tai nghe,Đối tác,Hải Phòng,55,1515947,83377085
2026-01-12,Tai nghe,Social Media,Hải Phòng,44,1503385,66148940
2026-01-12,Camera,Online,Cần Thơ,5,17635235,88176175
2026-01-12,Camera,Offline,Hải Phòng,5,17649684,88248420
2026-01-12,Camera,Đối tác,Hải Phòng,4,18828195,75312780
2026-01-12,Camera,Social Media,TP.HCM,5,17474018,87370090
2026-01-13,Laptop,Online,Hà Nội,7,23952968,167670776
2026-01-13,Laptop,Offline,Hà Nội,6,23937662,143625972
2026-01-13,Laptop,Đối tác,TP.HCM,7,25473427,178313989
2026-01-13,Laptop,Social Media,Cần Thơ,7,24328690,170300830
2026-01-13,Điện thoại,Online,Đà Nẵng,32,7963225,254823200
2026-01-13,Điện thoại,Offline,Hà Nội,35,8230262,288059170
2026-01-13,Điện thoại,Đối tác,Hải Phòng,31,8346934,258754954
2026-01-13,Điện thoại,Social Media,Cần Thơ,25,7779847,194496175
2026-01-13,Máy tính bảng,Online,Hà Nội,13,12391957,161095441
2026-01-13,Máy tính bảng,Offline,TP.HCM,9,12351154,111160386
2026-01-13,Máy tính bảng,Đối tác,Hải Phòng,13,12083048,157079624
2026-01-13,Máy tính bảng,Social Media,Đà Nẵng,11,11962437,131586807
2026-01-13,Tai nghe,Online,Đà Nẵng,53,1566401,83019253
2026-01-13,Tai nghe,Offline,Hải Phòng,50,1490663,74533150
2026-01-13,Tai nghe,Đối tác,Hải Phòng,40,1489804,59592160
2026-01-13,Tai nghe,Social Media,Đà Nẵng,52,1428879,74301708
2026-01-13,Camera,Online,Hà Nội,5,18604725,93023625
2026-01-13,Camera,Offline,Hải Phòng,5,17137341,85686705
2026-01-13,Camera,Đối tác,Đà Nẵng,5,18473596,92367980
2026-01-13,Camera,Social Media,Hà Nội,4,18272717,73090868
2026-01-14,Laptop,Online,Đà Nẵng,6,25213324,151279944
2026-01-14,Laptop,Offline,Cần Thơ,9,24925025,224325225
2026-01-14,Laptop,Đối tác,Cần Thơ,7,25425333,177977331
2026-01-14,Laptop,Social Media,Hà Nội,7,25484184,178389288
2026-01-14,Điện thoại,Online,Đà Nẵng,31,7920361,245531191
2026-01-14,Điện thoại,Offline,Hải Phòng,24,7670447,184090728
2026-01-14,Điện thoại,Đối tác,Đà Nẵng,27,8376147,226155969
2026-01-14,Điện thoại,Social Media,Cần Thơ,34,8259941,280837994
2026-01-14,Máy tính bảng,Online,TP.HCM,12,12051112,144613344
2026-01-14,Máy tính bảng,Offline,Cần Thơ,9,12022127,108199143
2026-01-14,Máy tính bảng,Đối tác,Hải Phòng,13,12150490,157956370
2026-01-14,Máy tính bảng,Social Media,TP.HCM,10,12059063,120590630
2026-01-14,Tai nghe,Online,Đà Nẵng,48,1529737,73427376
2026-01-14,Tai nghe,Offline,TP.HCM,40,1519503,60780120
2026-01-14,Tai nghe,Đối tác,Hà Nội,54,1471612,79467048
2026-01-14,Tai nghe,Social Media,TP.HCM,51,1438981,73388031
2026-01-14,Camera,Online,TP.HCM,4,17311439,69245756
2026-01-14,Camera,Offline,Hà Nội,4,18389885,73559540
2026-01-14,Camera,Đối tác,Hải Phòng,5,17847882,89239410
2026-01-14,Camera,Social Media,Cần Thơ,5,17538715,87693575
2026-01-15,Laptop,Online,Hải Phòng,6,24226525,145359150
2026-01-15,Laptop,Offline,Hải Phòng,8,25948315,207586520
2026-01-15,Laptop,Đối tác,TP.HCM,7,25725015,180075105
2026-01-15,Laptop,Social Media,Cần Thơ,7,25719293,180035051
2026-01-15,Điện thoại,Online,Đà Nẵng,33,7826271,258266943
2026-01-15,Điện thoại,Offline,Đà Nẵng,34,8063938,274173892
2026-01-15,Điện thoại,Đối tác,Cần Thơ,34,7957237,270546058
2026-01-15,Điện thoại,Social Media,Cần Thơ,28,8041533,225162924
2026-01-15,Máy tính bảng,Online,Hải Phòng,11,12519422,137713642
2026-01-15,Máy tính bảng,Offline,Hà Nội,14,11686566,163611924
2026-01-15,Máy tính bảng,Đối tác,Cần Thơ,10,12330653,123306530
2026-01-15,Máy tính bảng,Social Media,TP.HCM,11,11967571,131643281
2026-01-15,Tai nghe,Online,Cần Thơ,47,1524553,71653991
2026-01-15,Tai nghe,Offline,Hà Nội,49,1430552,70097048
2026-01-15,Tai nghe,Đối tác,Hải Phòng,59,1474799,87013141
2026-01-15,Tai nghe,Social Media,TP.HCM,57,1491045,84989565
2026-01-15,Camera,Online,Hải Phòng,5,17127625,85638125
2026-01-15,Camera,Offline,Hà Nội,4,18278606,73114424
2026-01-15,Camera,Đối tác,Hà Nội,4,18506745,74026980
2026-01-15,Camera,Social Media,Đà Nẵng,4,18346868,73387472
2026-01-16,Laptop,Online,TP.HCM,9,25880853,232927677
2026-01-16,Laptop,Offline,Hải Phòng,7,24541652,171791564
2026-01-16,Laptop,Đối tác,Cần Thơ,9,23839747,214557723
2026-01-16,Laptop,Social Media,TP.HCM,7,25460998,178226986
2026-01-16,Điện thoại,Online,Đà Nẵng,35,8197413,286909455
2026-01-16,Điện thoại,Offline,Cần Thơ,35,8208295,287290325
2026-01-16,Điện thoại,Đối tác,TP.HCM,29,8155200,236500800
2026-01-16,Điện thoại,Social Media,TP.HCM,24,8236914,197685936
2026-01-16,Máy tính bảng,Online,Đà Nẵng,11,11916824,131085064
2026-01-16,Máy tính bảng,Offline,Hà Nội,12,12079113,144949356
2026-01-16,Máy tính bảng,Đối tác,Hà Nội,10,11494762,114947620
2026-01-16,Máy tính bảng,Social Media,Cần Thơ,12,11688995,140267940
2026-01-16,Tai nghe,Online,Hải Phòng,42,1494172,62755224
2026-01-16,Tai nghe,Offline,Đà Nẵng,49,1525026,74726274
2026-01-16,Tai nghe,Đối tác,Cần Thơ,58,1526641,88545178
2026-01-16,Tai nghe,Social Media,Hà Nội,41,1566785,64238185
2026-01-16,Camera,Online,Hải Phòng,4,18831652,75326608
2026-01-16,Camera,Offline,Đà Nẵng,4,17643819,70575276
2026-01-16,Camera,Đối tác,Cần Thơ,5,17291975,86459875
2026-01-16,Camera,Social Media,Cần Thơ,5,18134661,90673305
2026-01-17,Laptop,Online,Đà Nẵng,6,25825093,154950558
2026-01-17,Laptop,Offline,Cần Thơ,7,25164822,176153754
2026-01-17,Laptop,Đối tác,TP.HCM,9,25612930,230516370
2026-01-17,Laptop,Social Media,Đà Nẵng,8,24325295,194602360
2026-01-17,Điện thoại,Online,Đà Nẵng,26,7752105,201554730
2026-01-17,Điện thoại,Offline,Đà Nẵng,32,8176742,261655744
2026-01-17,Điện thoại,Đối tác,Hà Nội,31,8322722,258004382
2026-01-17,Điện thoại,Social Media,TP.HCM,27,7952658,214721766
2026-01-17,Máy tính bảng,Online,Hải Phòng,11,11557694,127134634
2026-01-17,Máy tính bảng,Offline,Đà Nẵng,11,11898603,130884633
2026-01-17,Máy tính bảng,Đối tác,Hà Nội,10,12047289,120472890
2026-01-17,Máy tính bảng,Social Media,Đà Nẵng,12,12496184,149954208
2026-01-17,Tai nghe,Online,Hà Nội,45,1548703,69691635
2026-01-17,Tai nghe,Offline,Cần Thơ,59,1469271,86686989
2026-01-17,Tai nghe,Đối tác,Đà Nẵng,56,1495249,83733944
2026-01-17,Tai nghe,Social Media,TP.HCM,42,1569975,65938950
2026-01-17,Camera,Online,Cần Thơ,5,18548257,92741285
2026-01-17,Camera,Offline,Đà Nẵng,4,17810234,71240936
2026-01-17,Camera,Đối tác,Đà Nẵng,5,17918614,89593070
2026-01-17,Camera,Social Media,Đà Nẵng,5,18580351,92901755
2026-01-18,Laptop,Online,Đà Nẵng,6,24334554,146007324
2026-01-18,Laptop,Offline,TP.HCM,8,26107922,208863376
2026-01-18,Laptop,Đối tác,Đà Nẵng,9,24303418,218730762
2026-01-18,Laptop,Social Media,TP.HCM,8,24910668,199285344
2026-01-18,Điện thoại,Online,Đà Nẵng,31,7693340,238493540
2026-01-18,Điện thoại,Offline,TP.HCM,35,7843491,274522185
2026-01-18,Điện thoại,Đối tác,Cần Thơ,25,7787840,194696000
2026-01-18,Điện thoại,Social Media,Hải Phòng,25,7962915,199072875
2026-01-18,Máy tính bảng,Online,Hải Phòng,11,12290722,135197942
2026-01-18,Máy tính bảng,Offline,Hà Nội,13,12185906,158416778
2026-01-18,Máy tính bảng,Đối tác,Cần Thơ,12,12526863,150322356
2026-01-18,Máy tính bảng,Social Media,Đà Nẵng,9,11844635,106601715
2026-01-18,Tai nghe,Online,Cần Thơ,48,1460416,70099968
2026-01-18,Tai nghe,Offline,Đà Nẵng,41,1527852,62641932
2026-01-18,Tai nghe,Đối tác,Hải Phòng,58,1521724,88259992
2026-01-18,Tai nghe,Social Media,TP.HCM,47,1453471,68313137
2026-01-18,Camera,Online,TP.HCM,5,18583543,92917715
2026-01-18,Camera,Offline,TP.HCM,5,18255068,91275340
2026-01-18,Camera,Đối tác,Hải Phòng,5,17191041,85955205
2026-01-18,Camera,Social Media,Đà Nẵng,4,17326662,69306648
2026-01-19,Laptop,Online,Hải Phòng,7,25824544,180771808
2026-01-19,Laptop,Offline,Hải Phòng,7,24289878,170029146
2026-01-19,Laptop,Đối tác,Hà Nội,7,24118885,168832195
2026-01-19,Laptop,Social Media,Hải Phòng,6,25896015,155376090
2026-01-19,Điện thoại,Online,Hà Nội,35,8032172,281126020
2026-01-19,Điện thoại,Offline,Hà Nội,25,8293158,207328950
2026-01-19,Điện thoại,Đối tác,Hà Nội,24,8231987,197567688
2026-01-19,Điện thoại,Social Media,Hà Nội,31,7612624,235991344
2026-01-19,Máy tính bảng,Online,Đà Nẵng,9,12290061,110610549
2026-01-19,Máy tính bảng,Offline,Hải Phòng,10,11476269,114762690
2026-01-19,Máy tính bảng,Đối tác,Cần Thơ,13,12015885,156206505
2026-01-19,Máy tính bảng,Social Media,TP.HCM,11,11665859,128324449
2026-01-19,Tai nghe,Online,Hải Phòng,40,1542484,61699360
2026-01-19,Tai nghe,Offline,Hải Phòng,46,1521501,69989046
2026-01-19,Tai nghe,Đối tác,TP.HCM,41,1496847,61370727
2026-01-19,Tai nghe,Social Media,Cần Thơ,48,1441194,69177312
2026-01-19,Camera,Online,Cần Thơ,4,17245422,68981688
2026-01-19,Camera,Offline,Hải Phòng,4,17327144,69308576
2026-01-19,Camera,Đối tác,Hải Phòng,5,18087041,90435205
2026-01-19,Camera,Social Media,Đà Nẵng,4,18175305,72701220
2026-01-20,Laptop,Online,Đà Nẵng,7,25263566,176844962
2026-01-20,Laptop,Offline,TP.HCM,8,24036035,192288280
2026-01-20,Laptop,Đối tác,Hải Phòng,8,24287557,194300456
2026-01-20,Laptop,Social Media,Cần Thơ,9,24784533,223060797
2026-01-20,Điện thoại,Online,Cần Thơ,28,8183690,229143320
2026-01-20,Điện thoại,Offline,Đà Nẵng,29,8132086,235830494
2026-01-20,Điện thoại,Đối tác,Đà Nẵng,35,8149456,285230960
2026-01-20,Điện thoại,Social Media,Cần Thơ,24,8265417,198370008
2026-01-20,Máy tính bảng,Online,TP.HCM,11,12293506,135228566
2026-01-20,Máy tính bảng,Offline,Đà Nẵng,13,12067644,156879372
2026-01-20,Máy tính bảng,Đối tác,Hải Phòng,14,12074020,169036280
2026-01-20,Máy tính bảng,Social Media,TP.HCM,11,12448328,136931608
2026-01-20,Tai nghe,Online,Cần Thơ,57,1533159,87390063
2026-01-20,Tai nghe,Offline,Đà Nẵng,52,1477746,76842792
2026-01-20,Tai nghe,Đối tác,Hải Phòng,50,1448209,72410450
2026-01-20,Tai nghe,Social Media,Cần Thơ,44,1441232,63414208
2026-01-20,Camera,Online,Hải Phòng,4,18472690,73890760
2026-01-20,Camera,Offline,Hải Phòng,4,17872402,71489608
2026-01-20,Camera,Đối tác,Hải Phòng,5,18573168,92865840
2026-01-20,Camera,Social Media,Hải Phòng,5,18102131,90510655
2026-01-21,Laptop,Online,Hải Phòng,9,25823651,232412859
2026-01-21,Laptop,Offline,Đà Nẵng,6,24433175,146599050
2026-01-21,Laptop,Đối tác,Đà Nẵng,9,24627558,221648022
2026-01-21,Laptop,Social Media,Hà Nội,9,25165802,226492218
2026-01-21,Điện thoại,Online,Cần Thơ,24,8192775,196626600
2026-01-21,Điện thoại,Offline,TP.HCM,25,8024386,200609650
2026-01-21,Điện thoại,Đối tác,Cần Thơ,29,7872716,228308764
2026-01-21,Điện thoại,Social Media,Đà Nẵng,27,7859506,212206662
2026-01-21,Máy tính bảng,Online,Hải Phòng,12,12460010,149520120
2026-01-21,Máy tính bảng,Offline,Hà Nội,10,12141405,121414050
2026-01-21,Máy tính bảng,Đối tác,TP.HCM,10,12194326,121943260
2026-01-21,Máy tính bảng,Social Media,Cần Thơ,12,11897020,142764240
2026-01-21,Tai nghe,Online,Hà Nội,55,1442072,79313960
2026-01-21,Tai nghe,Offline,Cần Thơ,42,1526732,64122744
2026-01-21,Tai nghe,Đối tác,Hải Phòng,49,1525069,74728381
2026-01-21,Tai nghe,Social Media,TP.HCM,44,1572666,69197304
2026-01-21,Camera,Online,TP.HCM,4,17642554,70570216
2026-01-21,Camera,Offline,Hà Nội,5,18475489,92377445
2026-01-21,Camera,Đối tác,Đà Nẵng,4,17113913,68455652
2026-01-21,Camera,Social Media,Cần Thơ,4,17784373,71137492
2026-01-22,Laptop,Online,Hà Nội,8,25833385,206667080
2026-01-22,Laptop,Offline,Đà Nẵng,6,25904410,155426460
2026-01-22,Laptop,Đối tác,TP.HCM,7,24899385,174295695
2026-01-22,Laptop,Social Media,TP.HCM,9,25189397,226704573
2026-01-22,Điện thoại,Online,Hải Phòng,28,8112113,227139164
2026-01-22,Điện thoại,Offline,Đà Nẵng,25,7616685,190417125
2026-01-22,Điện thoại,Đối tác,Đà Nẵng,26,8358091,217310366
2026-01-22,Điện thoại,Social Media,Cần Thơ,33,8335815,275081895
2026-01-22,Máy tính bảng,Online,TP.HCM,11,11527035,126797385
2026-01-22,Máy tính bảng,Offline,Cần Thơ,12,12028755,144345060
2026-01-22,Máy tính bảng,Đối tác,Cần Thơ,13,12294965,159834545
2026-01-22,Máy tính bảng,Social Media,Hà Nội,11,11601759,127619349
2026-01-22,Tai nghe,Online,Hải Phòng,52,1504590,78238680
2026-01-22,Tai nghe,Offline,Hà Nội,58,1477406,85689548
2026-01-22,Tai nghe,Đối tác,Hà Nội,44,1446966,63666504
2026-01-22,Tai nghe,Social Media,Hà Nội,43,1447930,62260990
2026-01-22,Camera,Online,TP.HCM,4,18491126,73964504
2026-01-22,Camera,Offline,Cần Thơ,4,18114723,72458892
2026-01-22,Camera,Đối tác,Hải Phòng,4,18763477,75053908
2026-01-22,Camera,Social Media,Hải Phòng,5,18875757,94378785
2026-01-23,Laptop,Online,Đà Nẵng,9,25318043,227862387
2026-01-23,Laptop,Offline,Hà Nội,7,24922302,174456114
2026-01-23,Laptop,Đối tác,Đà Nẵng,8,25228549,201828392
2026-01-23,Laptop,Social Media,Đà Nẵng,8,24526019,196208152
2026-01-23,Điện thoại,Online,Cần Thơ,24,7894990,189479760
2026-01-23,Điện thoại,Offline,Đà Nẵng,24,8291400,198993600
2026-01-23,Điện thoại,Đối tác,TP.HCM,31,8005654,248175274
2026-01-23,Điện thoại,Social Media,Cần Thơ,30,8363385,250901550
2026-01-23,Máy tính bảng,Online,TP.HCM,11,12371779,136089569
2026-01-23,Máy tính bảng,Offline,Hà Nội,11,11970754,131678294
2026-01-23,Máy tính bảng,Đối tác,Hà Nội,14,11940627,167168778
2026-01-23,Máy tính bảng,Social Media,Đà Nẵng,14,11501194,161016716
2026-01-23,Tai nghe,Online,Hà Nội,40,1531143,61245720
2026-01-23,Tai nghe,Offline,Cần Thơ,50,1516470,75823500
2026-01-23,Tai nghe,Đối tác,Đà Nẵng,47,1467434,68969398
2026-01-23,Tai nghe,Social Media,Cần Thơ,55,1526834,83975870
2026-01-23,Camera,Online,TP.HCM,5,18265149,91325745
2026-01-23,Camera,Offline,TP.HCM,4,18104333,72417332
2026-01-23,Camera,Đối tác,Cần Thơ,4,18402720,73610880
2026-01-23,Camera,Social Media,Hải Phòng,5,17700051,88500255
2026-01-24,Laptop,Online,Hải Phòng,8,26041866,208334928
2026-01-24,Laptop,Offline,Đà Nẵng,9,25496199,229465791
2026-01-24,Laptop,Đối tác,Cần Thơ,6,25522085,153132510
2026-01-24,Laptop,Social Media,TP.HCM,7,24691698,172841886
2026-01-24,Điện thoại,Online,Đà Nẵng,33,8136093,268491069
2026-01-24,Điện thoại,Offline,Hải Phòng,25,8136364,203409100
2026-01-24,Điện thoại,Đối tác,Hải Phòng,28,7890078,220922184
2026-01-24,Điện thoại,Social Media,Hà Nội,35,7873385,275568475
2026-01-24,Máy tính bảng,Online,Cần Thơ,10,12599971,125999710
2026-01-24,Máy tính bảng,Offline,Hà Nội,9,12413314,111719826
2026-01-24,Máy tính bảng,Đối tác,TP.HCM,12,12047724,144572688
2026-01-24,Máy tính bảng,Social Media,Hải Phòng,9,11804117,106237053
2026-01-24,Tai nghe,Online,Hải Phòng,42,1481507,62223294
2026-01-24,Tai nghe,Offline,Hà Nội,43,1528926,65743818
2026-01-24,Tai nghe,Đối tác,Hải Phòng,56,1449830,81190480
2026-01-24,Tai nghe,Social Media,Cần Thơ,40,1479644,59185760
2026-01-24,Camera,Online,Hà Nội,5,18199071,90995355
2026-01-24,Camera,Offline,Cần Thơ,4,17530503,70122012
2026-01-24,Camera,Đối tác,Cần Thơ,5,17449229,87246145
2026-01-24,Camera,Social Media,Hải Phòng,5,17931023,89655115
2026-01-25,Laptop,Online,Đà Nẵng,8,25007266,200058128
2026-01-25,Laptop,Offline,Cần Thơ,9,25792228,232130052
2026-01-25,Laptop,Đối tác,Hải Phòng,6,24375008,146250048
2026-01-25,Laptop,Social Media,Cần Thơ,9,25136351,226227159
2026-01-25,Điện thoại,Online,TP.HCM,32,8012727,256407264
2026-01-25,Điện thoại,Offline,TP.HCM,27,8210493,221683311
2026-01-25,Điện thoại,Đối tác,Đà Nẵng,29,8010682,232309778
2026-01-25,Điện thoại,Social Media,Cần Thơ,25,8328403,208210075
2026-01-25,Máy tính bảng,Online,Cần Thơ,13,12516566,162715358
2026-01-25,Máy tính bảng,Offline,Cần Thơ,9,12002408,108021672
2026-01-25,Máy tính bảng,Đối tác,Hà Nội,11,11497926,126477186
2026-01-25,Máy tính bảng,Social Media,Hà Nội,9,12516991,112652919
2026-01-25,Tai nghe,Online,Đà Nẵng,55,1445639,79510145
2026-01-25,Tai nghe,Offline,Đà Nẵng,58,1495868,86760344
2026-01-25,Tai nghe,Đối tác,Hà Nội,55,1495366,82245130
2026-01-25,Tai nghe,Social Media,Hải Phòng,40,1436883,57475320
2026-01-25,Camera,Online,Đà Nẵng,4,17369135,69476540
2026-01-25,Camera,Offline,Hải Phòng,5,17300136,86500680
2026-01-25,Camera,Đối tác,Đà Nẵng,4,17319327,69277308
2026-01-25,Camera,Social Media,Hà Nội,4,18529018,74116072
2026-01-26,Laptop,Online,Cần Thơ,6,25841719,155050314
2026-01-26,Laptop,Offline,Cần Thơ,8,23791088,190328704
2026-01-26,Laptop,Đối tác,Hải Phòng,8,25546360,204370880
2026-01-26,Laptop,Social Media,Đà Nẵng,7,25287023,177009161
2026-01-26,Điện thoại,Online,Hà Nội,30,7749851,232495530
2026-01-26,Điện thoại,Offline,TP.HCM,30,7888483,236654490
2026-01-26,Điện thoại,Đối tác,Hải Phòng,30,8229129,246873870
2026-01-26,Điện thoại,Social Media,Hải Phòng,30,7912362,237370860
2026-01-26,Máy tính bảng,Online,Cần Thơ,9,11864257,106778313
2026-01-26,Máy tính bảng,Offline,Đà Nẵng,10,11419490,114194900
2026-01-26,Máy tính bảng,Đối tác,TP.HCM,11,12279529,135074819
2026-01-26,Máy tính bảng,Social Media,TP.HCM,13,12282224,159668912
2026-01-26,Tai nghe,Online,Đà Nẵng,42,1477844,62069448
2026-01-26,Tai nghe,Offline,Đà Nẵng,56,1451263,81270728
2026-01-26,Tai nghe,Đối tác,Cần Thơ,59,1496779,88309961
2026-01-26,Tai nghe,Social Media,Hà Nội,56,1434465,80330040
2026-01-26,Camera,Online,Cần Thơ,4,17462863,69851452
2026-01-26,Camera,Offline,Hà Nội,5,17668072,88340360
2026-01-26,Camera,Đối tác,Đà Nẵng,5,18880420,94402100
2026-01-26,Camera,Social Media,Hải Phòng,4,17165917,68663668
2026-01-27,Laptop,Online,Hà Nội,7,25905346,181337422
2026-01-27,Laptop,Offline,TP.HCM,9,24579811,221218299
2026-01-27,Laptop,Đối tác,TP.HCM,8,24842378,198739024
2026-01-27,Laptop,Social Media,Cần Thơ,8,25986593,207892744
2026-01-27,Điện thoại,Online,Cần Thơ,28,7749453,216984684
2026-01-27,Điện thoại,Offline,Cần Thơ,28,8237832,230659296
2026-01-27,Điện thoại,Đối tác,Đà Nẵng,33,8181665,269994945
2026-01-27,Điện thoại,Social Media,TP.HCM,29,8396078,243486262
2026-01-27,Máy tính bảng,Online,Hà Nội,12,11785453,141425436
2026-01-27,Máy tính bảng,Offline,TP.HCM,11,11754767,129302437
2026-01-27,Máy tính bảng,Đối tác,Cần Thơ,12,11911339,142936068
2026-01-27,Máy tính bảng,Social Media,Cần Thơ,11,11450826,125959086
2026-01-27,Tai nghe,Online,Đà Nẵng,52,1490241,77492532
2026-01-27,Tai nghe,Offline,TP.HCM,41,1520626,62345666
2026-01-27,Tai nghe,Đối tác,Đà Nẵng,50,1537484,76874200
2026-01-27,Tai nghe,Social Media,Hà Nội,59,1446416,85338544
2026-01-27,Camera,Online,Hải Phòng,5,17888711,89443555
2026-01-27,Camera,Offline,Hà Nội,4,18501327,74005308
2026-01-27,Camera,Đối tác,Đà Nẵng,4,18809040,75236160
2026-01-27,Camera,Social Media,TP.HCM,5,18322311,91611555
2026-01-28,Laptop,Online,Đà Nẵng,7,25657711,179603977
2026-01-28,Laptop,Offline,Hải Phòng,6,24667374,148004244
2026-01-28,Laptop,Đối tác,Đà Nẵng,8,24374029,194992232
2026-01-28,Laptop,Social Media,TP.HCM,6,24215120,145290720
2026-01-28,Điện thoại,Online,Hải Phòng,28,8049338,225381464
2026-01-28,Điện thoại,Offline,Đà Nẵng,33,8163230,269386590
2026-01-28,Điện thoại,Đối tác,Hà Nội,35,7828461,273996135
2026-01-28,Điện thoại,Social Media,Cần Thơ,26,7708582,200423132
2026-01-28,Máy tính bảng,Online,TP.HCM,11,12478414,137262554
2026-01-28,Máy tính bảng,Offline,Cần Thơ,14,12372615,173216610
2026-01-28,Máy tính bảng,Đối tác,Đà Nẵng,12,12251448,147017376
2026-01-28,Máy tính bảng,Social Media,Hải Phòng,12,12469598,149635176
2026-01-28,Tai nghe,Online,Hà Nội,54,1564098,84461292
2026-01-28,Tai nghe,Offline,Hà Nội,55,1501313,82572215
2026-01-28,Tai nghe,Đối tác,TP.HCM,59,1543809,91084731
2026-01-28,Tai nghe,Social Media,Hà Nội,55,1428942,78591810
2026-01-28,Camera,Online,Hải Phòng,5,17941330,89706650
2026-01-28,Camera,Offline,Hải Phòng,4,18691643,74766572
2026-01-28,Camera,Đối tác,TP.HCM,4,18899271,75597084
2026-01-28,Camera,Social Media,Cần Thơ,5,18484496,92422480
2026-01-29,Laptop,Online,Hải Phòng,6,26180949,157085694
2026-01-29,Laptop,Offline,TP.HCM,7,25450272,178151904
2026-01-29,Laptop,Đối tác,Đà Nẵng,6,25822634,154935804
2026-01-29,Laptop,Social Media,Hải Phòng,8,24204907,193639256
2026-01-29,Điện thoại,Online,Hà Nội,29,8328569,241528501
2026-01-29,Điện thoại,Offline,TP.HCM,33,8014481,264477873
2026-01-29,Điện thoại,Đối tác,Đà Nẵng,25,7858128,196453200
2026-01-29,Điện thoại,Social Media,Hà Nội,28,8352723,233876244
2026-01-29,Máy tính bảng,Online,Đà Nẵng,13,11700726,152109438
2026-01-29,Máy tính bảng,Offline,Hải Phòng,10,12150026,121500260
2026-01-29,Máy tính bảng,Đối tác,Hải Phòng,12,12003087,144037044
2026-01-29,Máy tính bảng,Social Media,Hà Nội,12,12096775,145161300
2026-01-29,Tai nghe,Online,Hà Nội,53,1533094,81253982
2026-01-29,Tai nghe,Offline,Hải Phòng,46,1563589,71925094
2026-01-29,Tai nghe,Đối tác,TP.HCM,56,1429256,80038336
2026-01-29,Tai nghe,Social Media,TP.HCM,58,1540653,89357874
2026-01-29,Camera,Online,Đà Nẵng,5,18480526,92402630
2026-01-29,Camera,Offline,Cần Thơ,5,17154514,85772570
2026-01-29,Camera,Đối tác,Hải Phòng,4,18821970,75287880
2026-01-29,Camera,Social Media,Cần Thơ,4,18553228,74212912
2026-01-30,Laptop,Online,Cần Thơ,7,23932432,167527024
2026-01-30,Laptop,Offline,TP.HCM,6,24789054,148734324
2026-01-30,Laptop,Đối tác,Cần Thơ,7,25266650,176866550
2026-01-30,Laptop,Social Media,Đà Nẵng,9,24548290,220934610
2026-01-30,Điện thoại,Online,Đà Nẵng,35,7704612,269661420
2026-01-30,Điện thoại,Offline,Đà Nẵng,30,7684947,230548410
2026-01-30,Điện thoại,Đối tác,Hà Nội,29,7813977,226605333
2026-01-30,Điện thoại,Social Media,Hà Nội,25,7640484,191012100
2026-01-30,Máy tính bảng,Online,Cần Thơ,13,11901761,154722893
2026-01-30,Máy tính bảng,Offline,Hà Nội,13,12520501,162766513
2026-01-30,Máy tính bảng,Đối tác,Đà Nẵng,10,11591210,115912100
2026-01-30,Máy tính bảng,Social Media,Hải Phòng,11,12454890,137003790
2026-01-30,Tai nghe,Online,Cần Thơ,40,1566784,62671360
2026-01-30,Tai nghe,Offline,Hải Phòng,49,1461109,71594341
2026-01-30,Tai nghe,Đối tác,Hải Phòng,47,1432581,67331307
2026-01-30,Tai nghe,Social Media,Cần Thơ,51,1551427,79122777
2026-01-30,Camera,Online,Cần Thơ,4,17114719,68458876
2026-01-30,Camera,Offline,TP.HCM,4,18688420,74753680
2026-01-30,Camera,Đối tác,Đà Nẵng,5,17758687,88793435
2026-01-30,Camera,Social Media,Cần Thơ,4,18111270,72445080
2026-01-31,Laptop,Online,Đà Nẵng,8,23933829,191470632
2026-01-31,Laptop,Offline,Hải Phòng,7,25124642,175872494
2026-01-31,Laptop,Đối tác,Hải Phòng,8,24047027,192376216
2026-01-31,Laptop,Social Media,TP.HCM,7,25737243,180160701
2026-01-31,Điện thoại,Online,Đà Nẵng,30,7892485,236774550
2026-01-31,Điện thoại,Offline,Hà Nội,26,8007298,208189748
2026-01-31,Điện thoại,Đối tác,Hải Phòng,24,7631131,183147144
2026-01-31,Điện thoại,Social Media,Đà Nẵng,33,8015466,264510378
2026-01-31,Máy tính bảng,Online,Hà Nội,12,12018606,144223272
2026-01-31,Máy tính bảng,Offline,Đà Nẵng,14,11782236,164951304
2026-01-31,Máy tính bảng,Đối tác,Cần Thơ,14,12287183,172020562
2026-01-31,Máy tính bảng,Social Media,Đà Nẵng,12,12008777,144105324
2026-01-31,Tai nghe,Online,Hải Phòng,50,1531310,76565500
2026-01-31,Tai nghe,Offline,Đà Nẵng,49,1427495,69947255
2026-01-31,Tai nghe,Đối tác,Đà Nẵng,53,1571984,83315152
2026-01-31,Tai nghe,Social Media,Hải Phòng,46,1559815,71751490
2026-01-31,Camera,Online,TP.HCM,5,17577954,87889770
2026-01-31,Camera,Offline,Hải Phòng,5,18398520,91992600
2026-01-31,Camera,Đối tác,Hải Phòng,4,18043618,72174472
2026-01-31,Camera,Social Media,Hải Phòng,5,17784342,88921710
2026-02-01,Laptop,Online,Hà Nội,6,25859307,155155842
2026-02-01,Laptop,Offline,TP.HCM,6,24604070,147624420
2026-02-01,Laptop,Đối tác,Cần Thơ,6,25221488,151328928
2026-02-01,Laptop,Social Media,Cần Thơ,7,25025908,175181356
2026-02-01,Điện thoại,Online,Cần Thơ,32,8106783,259417056
2026-02-01,Điện thoại,Offline,TP.HCM,30,7934797,238043910
2026-02-01,Điện thoại,Đối tác,Hải Phòng,26,8048483,209260558
2026-02-01,Điện thoại,Social Media,Hải Phòng,27,8281694,223605738
2026-02-01,Máy tính bảng,Online,Cần Thơ,13,11692684,152004892
2026-02-01,Máy tính bảng,Offline,Đà Nẵng,12,12316773,147801276
2026-02-01,Máy tính bảng,Đối tác,Đà Nẵng,11,11514409,126658499
2026-02-01,Máy tính bảng,Social Media,Hà Nội,10,11640617,116406170
2026-02-01,Tai nghe,Online,Đà Nẵng,52,1515427,78802204
2026-02-01,Tai nghe,Offline,Cần Thơ,44,1462547,64352068
2026-02-01,Tai nghe,Đối tác,Đà Nẵng,43,1495911,64324173
2026-02-01,Tai nghe,Social Media,Hải Phòng,45,1556303,70033635
2026-02-01,Camera,Online,Đà Nẵng,5,18362825,91814125
2026-02-01,Camera,Offline,Đà Nẵng,3,18631369,55894107
2026-02-01,Camera,Đối tác,TP.HCM,4,17717314,70869256
2026-02-01,Camera,Social Media,Đà Nẵng,5,17310324,86551620
2026-02-02,Laptop,Online,Hải Phòng,6,24903494,149420964
2026-02-02,Laptop,Offline,Đà Nẵng,6,25036300,150217800
2026-02-02,Laptop,Đối tác,Hải Phòng,6,23638144,141828864
2026-02-02,Laptop,Social Media,Hải Phòng,6,24088770,144532620
2026-02-02,Điện thoại,Online,TP.HCM,27,8092147,218487969
2026-02-02,Điện thoại,Offline,TP.HCM,30,7632873,228986190
2026-02-02,Điện thoại,Đối tác,Hải Phòng,33,7649089,252419937
2026-02-02,Điện thoại,Social Media,Cần Thơ,28,7681969,215095132
2026-02-02,Máy tính bảng,Online,Đà Nẵng,10,12053326,120533260
2026-02-02,Máy tính bảng,Offline,TP.HCM,12,11561877,138742524
2026-02-02,Máy tính bảng,Đối tác,TP.HCM,13,11493976,149421688
2026-02-02,Máy tính bảng,Social Media,Hà Nội,13,11329171,147279223
2026-02-02,Tai nghe,Online,Cần Thơ,52,1438417,74797684
2026-02-02,Tai nghe,Offline,Đà Nẵng,54,1412126,76254804
2026-02-02,Tai nghe,Đối tác,Hải Phòng,49,1548625,75882625
2026-02-02,Tai nghe,Social Media,Đà Nẵng,43,1557631,66978133
2026-02-02,Camera,Online,Hải Phòng,4,18513661,74054644
2026-02-02,Camera,Offline,Hà Nội,5,17763013,88815065
2026-02-02,Camera,Đối tác,Hà Nội,5,17518279,87591395
2026-02-02,Camera,Social Media,Cần Thơ,5,18209541,91047705
2026-02-03,Laptop,Online,TP.HCM,8,25469649,203757192
2026-02-03,Laptop,Offline,Hải Phòng,8,23990574,191924592
2026-02-03,Laptop,Đối tác,Hải Phòng,8,25732680,205861440
2026-02-03,Laptop,Social Media,Cần Thơ,7,23727175,166090225
2026-02-03,Điện thoại,Online,TP.HCM,24,7635364,183248736
2026-02-03,Điện thoại,Offline,Đà Nẵng,33,7529409,248470497
2026-02-03,Điện thoại,Đối tác,Cần Thơ,25,8120975,203024375
2026-02-03,Điện thoại,Social Media,Đà Nẵng,26,8096522,210509572
2026-02-03,Máy tính bảng,Online,TP.HCM,10,11713147,117131470
2026-02-03,Máy tính bảng,Offline,Hà Nội,9,11426451,102838059
2026-02-03,Máy tính bảng,Đối tác,Đà Nẵng,9,12101055,108909495
2026-02-03,Máy tính bảng,Social Media,Đà Nẵng,12,12044789,144537468
2026-02-03,Tai nghe,Online,Đà Nẵng,44,1443546,63516024
2026-02-03,Tai nghe,Offline,Hà Nội,47,1478314,69480758
2026-02-03,Tai nghe,Đối tác,Hải Phòng,45,1514988,68174460
2026-02-03,Tai nghe,Social Media,Cần Thơ,52,1529846,79551992
2026-02-03,Camera,Online,Hà Nội,5,18141369,90706845
2026-02-03,Camera,Offline,Hải Phòng,5,17074892,85374460
2026-02-03,Camera,Đối tác,Cần Thơ,4,17573700,70294800
2026-02-03,Camera,Social Media,Hải Phòng,4,18405875,73623500
2026-02-04,Laptop,Online,Hải Phòng,6,24840733,149044398
2026-02-04,Laptop,Offline,Hà Nội,7,24800345,173602415
2026-02-04,Laptop,Đối tác,TP.HCM,8,25286871,202294968
2026-02-04,Laptop,Social Media,Cần Thơ,6,24775679,148654074
2026-02-04,Điện thoại,Online,TP.HCM,27,7930492,214123284
2026-02-04,Điện thoại,Offline,Cần Thơ,29,7966567,231030443
2026-02-04,Điện thoại,Đối tác,Đà Nẵng,31,7837591,242965321
2026-02-04,Điện thoại,Social Media,TP.HCM,31,7982022,247442682
2026-02-04,Máy tính bảng,Online,TP.HCM,11,12118057,133298627
2026-02-04,Máy tính bảng,Offline,Hải Phòng,13,12396284,161151692
2026-02-04,Máy tính bảng,Đối tác,TP.HCM,13,11846820,154008660
2026-02-04,Máy tính bảng,Social Media,Đà Nẵng,10,12199538,121995380
2026-02-04,Tai nghe,Online,Cần Thơ,45,1543113,69440085
2026-02-04,Tai nghe,Offline,Cần Thơ,54,1545404,83451816
2026-02-04,Tai nghe,Đối tác,Cần Thơ,39,1553925,60603075
2026-02-04,Tai nghe,Social Media,Hải Phòng,40,1538502,61540080
2026-02-04,Camera,Online,TP.HCM,4,17886394,71545576
2026-02-04,Camera,Offline,Hải Phòng,4,18673086,74692344
2026-02-04,Camera,Đối tác,TP.HCM,5,18672670,93363350
2026-02-04,Camera,Social Media,Cần Thơ,5,17899201,89496005
2026-02-05,Laptop,Online,Hải Phòng,7,24080918,168566426
2026-02-05,Laptop,Offline,Cần Thơ,7,24194733,169363131
2026-02-05,Laptop,Đối tác,TP.HCM,6,25146489,150878934
2026-02-05,Laptop,Social Media,Hải Phòng,8,25699797,205598376
2026-02-05,Điện thoại,Online,TP.HCM,25,7577294,189432350
2026-02-05,Điện thoại,Offline,Hải Phòng,23,7997445,183941235
2026-02-05,Điện thoại,Đối tác,TP.HCM,25,7559035,188975875
2026-02-05,Điện thoại,Social Media,Cần Thơ,25,7696077,192401925
2026-02-05,Máy tính bảng,Online,TP.HCM,9,12466258,112196322
2026-02-05,Máy tính bảng,Offline,Hà Nội,12,12155042,145860504
2026-02-05,Máy tính bảng,Đối tác,Đà Nẵng,11,12203775,134241525
2026-02-05,Máy tính bảng,Social Media,Đà Nẵng,10,12326994,123269940
2026-02-05,Tai nghe,Online,Hải Phòng,42,1455374,61125708
2026-02-05,Tai nghe,Offline,TP.HCM,48,1498612,71933376
2026-02-05,Tai nghe,Đối tác,Hà Nội,49,1474189,72235261
2026-02-05,Tai nghe,Social Media,Cần Thơ,38,1461895,55552010
2026-02-05,Camera,Online,Cần Thơ,5,17496984,87484920
2026-02-05,Camera,Offline,Cần Thơ,4,17463401,69853604
2026-02-05,Camera,Đối tác,Hà Nội,5,17772810,88864050
2026-02-05,Camera,Social Media,Hà Nội,4,18189901,72759604
2026-02-06,Laptop,Online,Cần Thơ,8,24904405,199235240
2026-02-06,Laptop,Offline,Cần Thơ,7,23844379,166910653
2026-02-06,Laptop,Đối tác,Hà Nội,6,24329900,145979400
2026-02-06,Laptop,Social Media,TP.HCM,8,25609155,204873240
2026-02-06,Điện thoại,Online,TP.HCM,28,8180889,229064892
2026-02-06,Điện thoại,Offline,TP.HCM,25,8057548,201438700
2026-02-06,Điện thoại,Đối tác,Hải Phòng,23,7581645,174377835
2026-02-06,Điện thoại,Social Media,Hải Phòng,31,7966609,246964879
2026-02-06,Máy tính bảng,Online,Cần Thơ,10,12363554,123635540
2026-02-06,Máy tính bảng,Offline,Đà Nẵng,13,11304216,146954808
2026-02-06,Máy tính bảng,Đối tác,Hà Nội,13,11425371,148529823
2026-02-06,Máy tính bảng,Social Media,Cần Thơ,13,12112404,157461252
2026-02-06,Tai nghe,Online,Hà Nội,45,1446290,65083050
2026-02-06,Tai nghe,Offline,Đà Nẵng,52,1467278,76298456
2026-02-06,Tai nghe,Đối tác,Hải Phòng,50,1456550,72827500
2026-02-06,Tai nghe,Social Media,Đà Nẵng,47,1484595,69775965
2026-02-06,Camera,Online,TP.HCM,5,18216340,91081700
2026-02-06,Camera,Offline,Đà Nẵng,5,17589596,87947980
2026-02-06,Camera,Đối tác,Cần Thơ,3,18468799,55406397
2026-02-06,Camera,Social Media,Hà Nội,3,17915001,53745003
2026-02-07,Laptop,Online,Hải Phòng,7,24546005,171822035
2026-02-07,Laptop,Offline,Hà Nội,6,24081796,144490776
2026-02-07,Laptop,Đối tác,Hải Phòng,8,24748271,197986168
2026-02-07,Laptop,Social Media,Đà Nẵng,6,25545940,153275640
2026-02-07,Điện thoại,Online,Cần Thơ,28,8104355,226921940
2026-02-07,Điện thoại,Offline,Đà Nẵng,24,8094488,194267712
2026-02-07,Điện thoại,Đối tác,Cần Thơ,24,8228376,197481024
2026-02-07,Điện thoại,Social Media,TP.HCM,28,8188542,229279176
2026-02-07,Máy tính bảng,Online,TP.HCM,13,12079840,157037920
2026-02-07,Máy tính bảng,Offline,TP.HCM,11,12286943,135156373
2026-02-07,Máy tính bảng,Đối tác,Hà Nội,9,11465423,103188807
2026-02-07,Máy tính bảng,Social Media,Hà Nội,11,11729362,129022982
2026-02-07,Tai nghe,Online,Hải Phòng,50,1549434,77471700
2026-02-07,Tai nghe,Offline,Cần Thơ,50,1413086,70654300
2026-02-07,Tai nghe,Đối tác,Hải Phòng,48,1412509,67800432
2026-02-07,Tai nghe,Social Media,Hải Phòng,51,1490307,76005657
2026-02-07,Camera,Online,Đà Nẵng,3,18378046,55134138
2026-02-07,Camera,Offline,Cần Thơ,5,18550216,92751080
2026-02-07,Camera,Đối tác,TP.HCM,5,17863454,89317270
2026-02-07,Camera,Social Media,Hà Nội,4,17867144,71468576
2026-02-08,Laptop,Online,Đà Nẵng,6,24494818,146968908
2026-02-08,Laptop,Offline,Đà Nẵng,8,24648519,197188152
2026-02-08,Laptop,Đối tác,Hà Nội,9,24071496,216643464
2026-02-08,Laptop,Social Media,TP.HCM,8,25636592,205092736
2026-02-08,Điện thoại,Online,TP.HCM,23,7824377,179960671
2026-02-08,Điện thoại,Offline,Hải Phòng,28,8028304,224792512
2026-02-08,Điện thoại,Đối tác,Hà Nội,23,8193501,188450523
2026-02-08,Điện thoại,Social Media,Đà Nẵng,29,8203504,237901616
2026-02-08,Máy tính bảng,Online,TP.HCM,13,12377952,160913376
2026-02-08,Máy tính bảng,Offline,Hà Nội,10,12317322,123173220
2026-02-08,Máy tính bảng,Đối tác,Hải Phòng,11,11341315,124754465
2026-02-08,Máy tính bảng,Social Media,TP.HCM,12,11619083,139428996
2026-02-08,Tai nghe,Online,Hải Phòng,48,1415635,67950480
2026-02-08,Tai nghe,Offline,Đà Nẵng,38,1441512,54777456
2026-02-08,Tai nghe,Đối tác,Hà Nội,52,1516587,78862524
2026-02-08,Tai nghe,Social Media,Cần Thơ,55,1455192,80035560
2026-02-08,Camera,Online,Hải Phòng,4,18416347,73665388
2026-02-08,Camera,Offline,Cần Thơ,5,17892282,89461410
2026-02-08,Camera,Đối tác,Cần Thơ,5,17178391,85891955
2026-02-08,Camera,Social Media,TP.HCM,4,18665244,74660976
2026-02-09,Laptop,Online,TP.HCM,6,24087056,144522336
2026-02-09,Laptop,Offline,TP.HCM,7,25415788,177910516
2026-02-09,Laptop,Đối tác,Hải Phòng,7,25427048,177989336
2026-02-09,Laptop,Social Media,TP.HCM,8,25451781,203614248
2026-02-09,Điện thoại,Online,Cần Thơ,28,7805802,218562456
2026-02-09,Điện thoại,Offline,Cần Thơ,27,8062318,217682586
2026-02-09,Điện thoại,Đối tác,Cần Thơ,23,8013943,184320689
2026-02-09,Điện thoại,Social Media,Hà Nội,30,7588974,227669220
2026-02-09,Máy tính bảng,Online,Hà Nội,10,12217261,122172610
2026-02-09,Máy tính bảng,Offline,Hà Nội,12,11662213,139946556
2026-02-09,Máy tính bảng,Đối tác,TP.HCM,9,12406236,111656124
2026-02-09,Máy tính bảng,Social Media,Cần Thơ,10,11606482,116064820
2026-02-09,Tai nghe,Online,Hà Nội,39,1474750,57515250
2026-02-09,Tai nghe,Offline,Hải Phòng,48,1471344,70624512
2026-02-09,Tai nghe,Đối tác,TP.HCM,39,1493051,58228989
2026-02-09,Tai nghe,Social Media,Hải Phòng,49,1458927,71487423
2026-02-09,Camera,Online,Cần Thơ,3,17666409,52999227
2026-02-09,Camera,Offline,TP.HCM,5,17926094,89630470
2026-02-09,Camera,Đối tác,Hà Nội,4,17231196,68924784
2026-02-09,Camera,Social Media,Cần Thơ,4,17408213,69632852
2026-02-10,Laptop,Online,Đà Nẵng,7,23669086,165683602
2026-02-10,Laptop,Offline,Cần Thơ,6,24254386,145526316
2026-02-10,Laptop,Đối tác,TP.HCM,7,25849450,180946150
2026-02-10,Laptop,Social Media,Cần Thơ,7,23996481,167975367
2026-02-10,Điện thoại,Online,TP.HCM,24,7529359,180704616
2026-02-10,Điện thoại,Offline,Cần Thơ,26,8015192,208394992
2026-02-10,Điện thoại,Đối tác,Đà Nẵng,27,7865048,212356296
2026-02-10,Điện thoại,Social Media,Hải Phòng,24,7777966,186671184
2026-02-10,Máy tính bảng,Online,Hà Nội,11,11497033,126467363
2026-02-10,Máy tính bảng,Offline,Cần Thơ,13,11632240,151219120
2026-02-10,Máy tính bảng,Đối tác,Cần Thơ,13,12214985,158794805
2026-02-10,Máy tính bảng,Social Media,Đà Nẵng,10,12255995,122559950
2026-02-10,Tai nghe,Online,Cần Thơ,44,1549161,68163084
2026-02-10,Tai nghe,Offline,Hà Nội,49,1491775,73096975
2026-02-10,Tai nghe,Đối tác,Hải Phòng,38,1518741,57712158
2026-02-10,Tai nghe,Social Media,Hà Nội,46,1454012,66884552
2026-02-10,Camera,Online,TP.HCM,5,18346860,91734300
2026-02-10,Camera,Offline,Cần Thơ,5,17177017,85885085
2026-02-10,Camera,Đối tác,Đà Nẵng,4,18102737,72410948
2026-02-10,Camera,Social Media,Cần Thơ,5,17060805,85304025
2026-02-11,Laptop,Online,Hải Phòng,7,24504492,171531444
2026-02-11,Laptop,Offline,Hải Phòng,8,25664843,205318744
2026-02-11,Laptop,Đối tác,Cần Thơ,7,25469534,178286738
2026-02-11,Laptop,Social Media,Đà Nẵng,8,25522935,204183480
2026-02-11,Điện thoại,Online,Hải Phòng,30,7591305,227739150
2026-02-11,Điện thoại,Offline,Hà Nội,30,7805166,234154980
2026-02-11,Điện thoại,Đối tác,Hải Phòng,23,8303017,190969391
2026-02-11,Điện thoại,Social Media,Cần Thơ,33,7786624,256958592
2026-02-11,Máy tính bảng,Online,Cần Thơ,9,11403144,102628296
2026-02-11,Máy tính bảng,Offline,Hà Nội,11,11902331,130925641
2026-02-11,Máy tính bảng,Đối tác,Hải Phòng,12,11548585,138583020
2026-02-11,Máy tính bảng,Social Media,Đà Nẵng,10,12203542,122035420
2026-02-11,Tai nghe,Online,Hải Phòng,51,1433135,73089885
2026-02-11,Tai nghe,Offline,TP.HCM,47,1454621,68367187
2026-02-11,Tai nghe,Đối tác,TP.HCM,40,1550440,62017600
2026-02-11,Tai nghe,Social Media,Hà Nội,44,1461695,64314580
2026-02-11,Camera,Online,Hà Nội,4,17549671,70198684
2026-02-11,Camera,Offline,TP.HCM,4,18170632,72682528
2026-02-11,Camera,Đối tác,Đà Nẵng,3,17008625,51025875
2026-02-11,Camera,Social Media,TP.HCM,3,17540364,52621092
2026-02-12,Laptop,Online,TP.HCM,8,23919276,191354208
2026-02-12,Laptop,Offline,Hà Nội,7,24878477,174149339
2026-02-12,Laptop,Đối tác,Đà Nẵng,7,25884694,181192858
2026-02-12,Laptop,Social Media,Hà Nội,8,25071156,200569248
2026-02-12,Điện thoại,Online,Hà Nội,30,7866250,235987500
2026-02-12,Điện thoại,Offline,TP.HCM,31,8223413,254925803
2026-02-12,Điện thoại,Đối tác,Cần Thơ,29,7831957,227126753
2026-02-12,Điện thoại,Social Media,Hà Nội,25,8119841,202996025
2026-02-12,Máy tính bảng,Online,TP.HCM,11,12235808,134593888
2026-02-12,Máy tính bảng,Offline,Hải Phòng,9,11673270,105059430
2026-02-12,Máy tính bảng,Đối tác,Cần Thơ,9,12082793,108745137
2026-02-12,Máy tính bảng,Social Media,Cần Thơ,11,12045260,132497860
2026-02-12,Tai nghe,Online,Hải Phòng,45,1469042,66106890
2026-02-12,Tai nghe,Offline,TP.HCM,44,1536309,67597596
2026-02-12,Tai nghe,Đối tác,Hải Phòng,41,1510777,61941857
2026-02-12,Tai nghe,Social Media,Đà Nẵng,55,1498390,82411450
2026-02-12,Camera,Online,Hà Nội,4,17354136,69416544
2026-02-12,Camera,Offline,TP.HCM,4,18164703,72658812
2026-02-12,Camera,Đối tác,Hải Phòng,4,17991830,71967320
2026-02-12,Camera,Social Media,Hải Phòng,4,17260013,69040052
2026-02-13,Laptop,Online,Hải Phòng,8,25109518,200876144
2026-02-13,Laptop,Offline,Hà Nội,7,24724364,173070548
2026-02-13,Laptop,Đối tác,Hà Nội,6,25596413,153578478
2026-02-13,Laptop,Social Media,Hải Phòng,6,24401121,146406726
2026-02-13,Điện thoại,Online,TP.HCM,28,7678541,214999148
2026-02-13,Điện thoại,Offline,Cần Thơ,33,7924306,261502098
2026-02-13,Điện thoại,Đối tác,Cần Thơ,27,7913446,213663042
2026-02-13,Điện thoại,Social Media,Cần Thơ,28,7589475,212505300
2026-02-13,Máy tính bảng,Online,TP.HCM,12,11547989,138575868
2026-02-13,Máy tính bảng,Offline,TP.HCM,10,11924679,119246790
2026-02-13,Máy tính bảng,Đối tác,Hà Nội,12,11957992,143495904
2026-02-13,Máy tính bảng,Social Media,Cần Thơ,11,11420494,125625434
2026-02-13,Tai nghe,Online,TP.HCM,43,1491401,64130243
2026-02-13,Tai nghe,Offline,Đà Nẵng,48,1523132,73110336
2026-02-13,Tai nghe,Đối tác,Cần Thơ,48,1557731,74771088
2026-02-13,Tai nghe,Social Media,TP.HCM,51,1507820,76898820
2026-02-13,Camera,Online,Hà Nội,4,18709775,74839100
2026-02-13,Camera,Offline,Cần Thơ,4,18465439,73861756
2026-02-13,Camera,Đối tác,TP.HCM,4,18700232,74800928
2026-02-13,Camera,Social Media,Hà Nội,4,18243426,72973704
2026-02-14,Laptop,Online,Đà Nẵng,8,25022897,200183176
2026-02-14,Laptop,Offline,Cần Thơ,6,23857106,143142636
2026-02-14,Laptop,Đối tác,Hà Nội,8,25505965,204047720
2026-02-14,Laptop,Social Media,Hải Phòng,7,24208185,169457295
2026-02-14,Điện thoại,Online,Hải Phòng,24,8299368,199184832
2026-02-14,Điện thoại,Offline,Đà Nẵng,26,7735735,201129110
2026-02-14,Điện thoại,Đối tác,Hải Phòng,34,8062005,274108170
2026-02-14,Điện thoại,Social Media,TP.HCM,24,8118074,194833776
2026-02-14,Máy tính bảng,Online,Cần Thơ,13,12465073,162045949
2026-02-14,Máy tính bảng,Offline,Hà Nội,12,11443636,137323632
2026-02-14,Máy tính bảng,Đối tác,Hà Nội,12,12270236,147242832
2026-02-14,Máy tính bảng,Social Media,Cần Thơ,11,11971981,131691791
2026-02-14,Tai nghe,Online,Đà Nẵng,49,1466463,71856687
2026-02-14,Tai nghe,Offline,TP.HCM,50,1541448,77072400
2026-02-14,Tai nghe,Đối tác,TP.HCM,45,1522095,68494275
2026-02-14,Tai nghe,Social Media,Đà Nẵng,46,1483224,68228304
2026-02-14,Camera,Online,Hải Phòng,3,18308509,54925527
2026-02-14,Camera,Offline,TP.HCM,5,17745956,88729780
2026-02-14,Camera,Đối tác,Đà Nẵng,5,18346898,91734490
2026-02-14,Camera,Social Media,Cần Thơ,4,17694624,70778496
2026-02-15,Laptop,Online,Hà Nội,7,24311591,170181137
2026-02-15,Laptop,Offline,Đà Nẵng,7,24942885,174600195
2026-02-15,Laptop,Đối tác,Hải Phòng,8,25463551,203708408
2026-02-15,Laptop,Social Media,TP.HCM,6,25062294,150373764
2026-02-15,Điện thoại,Online,Cần Thơ,22,8260110,181722420
2026-02-15,Điện thoại,Offline,Hà Nội,27,7524535,203162445
2026-02-15,Điện thoại,Đối tác,Cần Thơ,25,8069364,201734100
2026-02-15,Điện thoại,Social Media,Hà Nội,32,7763077,248418464
2026-02-15,Máy tính bảng,Online,Đà Nẵng,9,11714197,105427773
2026-02-15,Máy tính bảng,Offline,TP.HCM,10,12359714,123597140
2026-02-15,Máy tính bảng,Đối tác,Hà Nội,9,12029217,108262953
2026-02-15,Máy tính bảng,Social Media,Hà Nội,11,11394344,125337784
2026-02-15,Tai nghe,Online,TP.HCM,38,1481555,56299090
2026-02-15,Tai nghe,Offline,Hà Nội,49,1487887,72906463
2026-02-15,Tai nghe,Đối tác,Cần Thơ,38,1514046,57533748
2026-02-15,Tai nghe,Social Media,TP.HCM,56,1473463,82513928
2026-02-15,Camera,Online,Hà Nội,4,17336983,69347932
2026-02-15,Camera,Offline,TP.HCM,5,17111525,85557625
2026-02-15,Camera,Đối tác,Đà Nẵng,4,17462272,69849088
2026-02-15,Camera,Social Media,Cần Thơ,5,18271127,91355635
2026-02-16,Laptop,Online,Hà Nội,8,25188414,201507312
2026-02-16,Laptop,Offline,TP.HCM,7,23533474,164734318
2026-02-16,Laptop,Đối tác,Hà Nội,7,25300519,177103633
2026-02-16,Laptop,Social Media,Hà Nội,8,25037288,200298304
2026-02-16,Điện thoại,Online,Cần Thơ,32,7592656,242964992
2026-02-16,Điện thoại,Offline,TP.HCM,24,7621540,182916960
2026-02-16,Điện thoại,Đối tác,Cần Thơ,26,7864075,204465950
2026-02-16,Điện thoại,Social Media,Hà Nội,25,8034539,200863475
2026-02-16,Máy tính bảng,Online,Hà Nội,11,11998809,131986899
2026-02-16,Máy tính bảng,Offline,Hải Phòng,10,12404239,124042390
2026-02-16,Máy tính bảng,Đối tác,TP.HCM,12,12068185,144818220
2026-02-16,Máy tính bảng,Social Media,Đà Nẵng,10,12007029,120070290
2026-02-16,Tai nghe,Online,Hà Nội,52,1454637,75641124
2026-02-16,Tai nghe,Offline,TP.HCM,52,1528626,79488552
2026-02-16,Tai nghe,Đối tác,Hà Nội,47,1427492,67092124
2026-02-16,Tai nghe,Social Media,Cần Thơ,50,1421295,71064750
2026-02-16,Camera,Online,TP.HCM,5,18593253,92966265
2026-02-16,Camera,Offline,Hà Nội,4,18424050,73696200
2026-02-16,Camera,Đối tác,Cần Thơ,4,18146002,72584008
2026-02-16,Camera,Social Media,Cần Thơ,5,18301794,91508970
2026-02-17,Laptop,Online,TP.HCM,7,23546638,164826466
2026-02-17,Laptop,Offline,Hà Nội,6,23662160,141972960
2026-02-17,Laptop,Đối tác,Cần Thơ,7,25068212,175477484
2026-02-17,Laptop,Social Media,Hải Phòng,8,24560848,196486784
2026-02-17,Điện thoại,Online,Cần Thơ,23,7948959,182826057
2026-02-17,Điện thoại,Offline,Hải Phòng,24,7590208,182164992
2026-02-17,Điện thoại,Đối tác,TP.HCM,28,7684932,215178096
2026-02-17,Điện thoại,Social Media,Hà Nội,28,7833459,219336852
2026-02-17,Máy tính bảng,Online,TP.HCM,10,11805733,118057330
2026-02-17,Máy tính bảng,Offline,Hà Nội,9,11388420,102495780
2026-02-17,Máy tính bảng,Đối tác,Cần Thơ,9,12013408,108120672
2026-02-17,Máy tính bảng,Social Media,TP.HCM,10,12167131,121671310
2026-02-17,Tai nghe,Online,Hà Nội,40,1515873,60634920
2026-02-17,Tai nghe,Offline,TP.HCM,41,1552272,63643152
2026-02-17,Tai nghe,Đối tác,Hải Phòng,47,1532892,72045924
2026-02-17,Tai nghe,Social Media,Đà Nẵng,41,1429599,58613559
2026-02-17,Camera,Online,Đà Nẵng,5,17139377,85696885
2026-02-17,Camera,Offline,TP.HCM,4,17694056,70776224
2026-02-17,Camera,Đối tác,Hải Phòng,3,18198360,54595080
2026-02-17,Camera,Social Media,Hải Phòng,4,17813134,71252536
2026-02-18,Laptop,Online,Hải Phòng,7,24749034,173243238
2026-02-18,Laptop,Offline,Hải Phòng,6,23901842,143411052
2026-02-18,Laptop,Đối tác,TP.HCM,8,25180948,201447584
2026-02-18,Laptop,Social Media,TP.HCM,6,24771841,148631046
2026-02-18,Điện thoại,Online,TP.HCM,32,7533732,241079424
2026-02-18,Điện thoại,Offline,TP.HCM,28,7827319,219164932
2026-02-18,Điện thoại,Đối tác,Hà Nội,24,8284590,198830160
2026-02-18,Điện thoại,Social Media,TP.HCM,29,8247846,239187534
2026-02-18,Máy tính bảng,Online,Cần Thơ,10,11580936,115809360
2026-02-18,Máy tính bảng,Offline,Đà Nẵng,10,11378529,113785290
2026-02-18,Máy tính bảng,Đối tác,Đà Nẵng,9,12085910,108773190
2026-02-18,Máy tính bảng,Social Media,TP.HCM,9,12241553,110173977
2026-02-18,Tai nghe,Online,TP.HCM,56,1420985,79575160
2026-02-18,Tai nghe,Offline,Cần Thơ,54,1525618,82383372
2026-02-18,Tai nghe,Đối tác,Đà Nẵng,44,1492884,65686896
2026-02-18,Tai nghe,Social Media,TP.HCM,45,1454051,65432295
2026-02-18,Camera,Online,Đà Nẵng,5,17361284,86806420
2026-02-18,Camera,Offline,Đà Nẵng,4,17808168,71232672
2026-02-18,Camera,Đối tác,Hà Nội,5,17902968,89514840
2026-02-18,Camera,Social Media,Hà Nội,4,18590532,74362128
2026-02-19,Laptop,Online,TP.HCM,6,24369898,146219388
2026-02-19,Laptop,Offline,TP.HCM,8,23516118,188128944
2026-02-19,Laptop,Đối tác,Cần Thơ,8,25312357,202498856
2026-02-19,Laptop,Social Media,TP.HCM,6,25945711,155674266
2026-02-19,Điện thoại,Online,Cần Thơ,28,7571436,212000208
2026-02-19,Điện thoại,Offline,Hà Nội,30,7597677,227930310
2026-02-19,Điện thoại,Đối tác,Hà Nội,33,7935649,261876417
2026-02-19,Điện thoại,Social Media,Đà Nẵng,28,8116336,227257408
2026-02-19,Máy tính bảng,Online,Hải Phòng,9,11444614,103001526
2026-02-19,Máy tính bảng,Offline,Cần Thơ,9,11960571,107645139
2026-02-19,Máy tính bảng,Đối tác,Cần Thơ,12,11441281,137295372
2026-02-19,Máy tính bảng,Social Media,Đà Nẵng,10,11660230,116602300
2026-02-19,Tai nghe,Online,Cần Thơ,51,1519949,77517399
2026-02-19,Tai nghe,Offline,Đà Nẵng,46,1445441,66490286
2026-02-19,Tai nghe,Đối tác,Hà Nội,40,1525116,61004640
2026-02-19,Tai nghe,Social Media,TP.HCM,40,1435159,57406360
2026-02-19,Camera,Online,Cần Thơ,4,17144152,68576608
2026-02-19,Camera,Offline,Đà Nẵng,5,17299007,86495035
2026-02-19,Camera,Đối tác,Đà Nẵng,4,18448123,73792492
2026-02-19,Camera,Social Media,TP.HCM,4,18151549,72606196
2026-02-20,Laptop,Online,Hải Phòng,6,25581413,153488478
2026-02-20,Laptop,Offline,Đà Nẵng,6,25272614,151635684
2026-02-20,Laptop,Đối tác,Đà Nẵng,7,23633652,165435564
2026-02-20,Laptop,Social Media,Đà Nẵng,6,25964424,155786544
2026-02-20,Điện thoại,Online,TP.HCM,33,8200844,270627852
2026-02-20,Điện thoại,Offline,Hải Phòng,31,7721883,239378373
2026-02-20,Điện thoại,Đối tác,Cần Thơ,23,8152697,187512031
2026-02-20,Điện thoại,Social Media,TP.HCM,22,8181654,179996388
2026-02-20,Máy tính bảng,Online,Hà Nội,9,12264524,110380716
2026-02-20,Máy tính bảng,Offline,Đà Nẵng,12,12399838,148798056
2026-02-20,Máy tính bảng,Đối tác,TP.HCM,11,11593478,127528258
2026-02-20,Máy tính bảng,Social Media,TP.HCM,9,11362592,102263328
2026-02-20,Tai nghe,Online,Cần Thơ,53,1424408,75493624
2026-02-20,Tai nghe,Offline,Đà Nẵng,40,1550678,62027120
2026-02-20,Tai nghe,Đối tác,TP.HCM,41,1495971,61334811
2026-02-20,Tai nghe,Social Media,Cần Thơ,47,1467585,68976495
2026-02-20,Camera,Online,Cần Thơ,4,17311624,69246496
2026-02-20,Camera,Offline,Hà Nội,4,17723792,70895168
2026-02-20,Camera,Đối tác,Hà Nội,3,18032372,54097116
2026-02-20,Camera,Social Media,Hà Nội,5,17818024,89090120
2026-02-21,Laptop,Online,Hải Phòng,7,23729610,166107270
2026-02-21,Laptop,Offline,Cần Thơ,6,24006158,144036948
2026-02-21,Laptop,Đối tác,Hải Phòng,6,25972866,155837196
2026-02-21,Laptop,Social Media,Hải Phòng,8,25961273,207690184
2026-02-21,Điện thoại,Online,Đà Nẵng,28,8142896,228001088
2026-02-21,Điện thoại,Offline,Đà Nẵng,33,7921895,261422535
2026-02-21,Điện thoại,Đối tác,Cần Thơ,25,7544641,188616025
2026-02-21,Điện thoại,Social Media,Hải Phòng,25,8233445,205836125
2026-02-21,Máy tính bảng,Online,Đà Nẵng,9,12463939,112175451
2026-02-21,Máy tính bảng,Offline,Hải Phòng,10,11979778,119797780
2026-02-21,Máy tính bảng,Đối tác,Hà Nội,13,11404959,148264467
2026-02-21,Máy tính bảng,Social Media,Hà Nội,10,12255746,122557460
2026-02-21,Tai nghe,Online,TP.HCM,52,1551498,80677896
2026-02-21,Tai nghe,Offline,Hải Phòng,54,1529162,82574748
2026-02-21,Tai nghe,Đối tác,Đà Nẵng,55,1557993,85689615
2026-02-21,Tai nghe,Social Media,Hà Nội,41,1498739,61448299
2026-02-21,Camera,Online,Đà Nẵng,5,16979264,84896320
2026-02-21,Camera,Offline,Đà Nẵng,5,17933346,89666730
2026-02-21,Camera,Đối tác,Hải Phòng,5,18419993,92099965
2026-02-21,Camera,Social Media,Cần Thơ,4,17241842,68967368
2026-02-22,Laptop,Online,TP.HCM,6,24088242,144529452
2026-02-22,Laptop,Offline,Hà Nội,6,24695522,148173132
2026-02-22,Laptop,Đối tác,Đà Nẵng,8,24011124,192088992
2026-02-22,Laptop,Social Media,Hà Nội,7,23951713,167661991
2026-02-22,Điện thoại,Online,Đà Nẵng,23,7640987,175742701
2026-02-22,Điện thoại,Offline,Hà Nội,31,8194412,254026772
2026-02-22,Điện thoại,Đối tác,Đà Nẵng,33,7819883,258056139
2026-02-22,Điện thoại,Social Media,Cần Thơ,29,7790556,225926124
2026-02-22,Máy tính bảng,Online,Đà Nẵng,9,11473114,103258026
2026-02-22,Máy tính bảng,Offline,Cần Thơ,12,12427266,149127192
2026-02-22,Máy tính bảng,Đối tác,Đà Nẵng,9,12436866,111931794
2026-02-22,Máy tính bảng,Social Media,Hải Phòng,12,11551205,138614460
2026-02-22,Tai nghe,Online,Hải Phòng,53,1466940,77747820
2026-02-22,Tai nghe,Offline,Đà Nẵng,40,1518981,60759240
2026-02-22,Tai nghe,Đối tác,Hải Phòng,45,1558401,70128045
2026-02-22,Tai nghe,Social Media,Hải Phòng,38,1500204,57007752
2026-02-22,Camera,Online,Hải Phòng,4,17936810,71747240
2026-02-22,Camera,Offline,Cần Thơ,4,18257201,73028804
2026-02-22,Camera,Đối tác,Hà Nội,4,17498382,69993528
2026-02-22,Camera,Social Media,TP.HCM,5,18122983,90614915
2026-02-23,Laptop,Online,Đà Nẵng,7,24168900,169182300
2026-02-23,Laptop,Offline,Hà Nội,8,24379940,195039520
2026-02-23,Laptop,Đối tác,TP.HCM,8,23631664,189053312
2026-02-23,Laptop,Social Media,Cần Thơ,8,25911027,207288216
2026-02-23,Điện thoại,Online,Cần Thơ,28,7823940,219070320
2026-02-23,Điện thoại,Offline,Hải Phòng,27,8180415,220871205
2026-02-23,Điện thoại,Đối tác,Hải Phòng,30,8068231,242046930
2026-02-23,Điện thoại,Social Media,Hà Nội,27,8156962,220237974
2026-02-23,Máy tính bảng,Online,TP.HCM,10,11664635,116646350
2026-02-23,Máy tính bảng,Offline,TP.HCM,9,11488084,103392756
2026-02-23,Máy tính bảng,Đối tác,Cần Thơ,9,11375102,102375918
2026-02-23,Máy tính bảng,Social Media,TP.HCM,10,12456508,124565080
2026-02-23,Tai nghe,Online,Cần Thơ,51,1474801,75214851
2026-02-23,Tai nghe,Offline,Hà Nội,49,1475228,72286172
2026-02-23,Tai nghe,Đối tác,TP.HCM,39,1441274,56209686
2026-02-23,Tai nghe,Social Media,Hà Nội,45,1493035,67186575
2026-02-23,Camera,Online,Hải Phòng,4,17430674,69722696
2026-02-23,Camera,Offline,Hà Nội,3,17629151,52887453
2026-02-23,Camera,Đối tác,Hải Phòng,5,17202697,86013485
2026-02-23,Camera,Social Media,Đà Nẵng,3,17085153,51255459
2026-02-24,Laptop,Online,Hải Phòng,7,23752542,166267794
2026-02-24,Laptop,Offline,Hà Nội,6,24234733,145408398
2026-02-24,Laptop,Đối tác,TP.HCM,7,23798384,166588688
2026-02-24,Laptop,Social Media,Cần Thơ,7,25727321,180091247
2026-02-24,Điện thoại,Online,Đà Nẵng,23,7954947,182963781
2026-02-24,Điện thoại,Offline,Hà Nội,27,7826104,211304808
2026-02-24,Điện thoại,Đối tác,Hà Nội,27,7732530,208778310
2026-02-24,Điện thoại,Social Media,Cần Thơ,25,8186966,204674150
2026-02-24,Máy tính bảng,Online,Hải Phòng,9,12179655,109616895
2026-02-24,Máy tính bảng,Offline,TP.HCM,9,11694424,105249816
2026-02-24,Máy tính bảng,Đối tác,Hải Phòng,11,12184670,134031370
2026-02-24,Máy tính bảng,Social Media,Hà Nội,11,12284867,135133537
2026-02-24,Tai nghe,Online,Hải Phòng,45,1490273,67062285
2026-02-24,Tai nghe,Offline,Cần Thơ,48,1445742,69395616
2026-02-24,Tai nghe,Đối tác,Đà Nẵng,39,1544812,60247668
2026-02-24,Tai nghe,Social Media,TP.HCM,47,1544467,72589949
2026-02-24,Camera,Online,Hải Phòng,5,18034326,90171630
2026-02-24,Camera,Offline,TP.HCM,5,17729188,88645940
2026-02-24,Camera,Đối tác,Hà Nội,5,18369677,91848385
2026-02-24,Camera,Social Media,Hà Nội,3,17068652,51205956
2026-02-25,Laptop,Online,Cần Thơ,6,25548345,153290070
2026-02-25,Laptop,Offline,Hà Nội,8,24150768,193206144
2026-02-25,Laptop,Đối tác,TP.HCM,6,24889501,149337006
2026-02-25,Laptop,Social Media,Hải Phòng,7,24196097,169372679
2026-02-25,Điện thoại,Online,Cần Thơ,33,7533792,248615136
2026-02-25,Điện thoại,Offline,Hải Phòng,29,8143095,236149755
2026-02-25,Điện thoại,Đối tác,TP.HCM,27,7641374,206317098
2026-02-25,Điện thoại,Social Media,Hải Phòng,29,8288146,240356234
2026-02-25,Máy tính bảng,Online,TP.HCM,13,11954468,155408084
2026-02-25,Máy tính bảng,Offline,TP.HCM,12,12316560,147798720
2026-02-25,Máy tính bảng,Đối tác,Đà Nẵng,13,11599794,150797322
2026-02-25,Máy tính bảng,Social Media,Cần Thơ,11,11847979,130327769
2026-02-25,Tai nghe,Online,Hà Nội,43,1432112,61580816
2026-02-25,Tai nghe,Offline,Hải Phòng,50,1470405,73520250
2026-02-25,Tai nghe,Đối tác,Cần Thơ,54,1459976,78838704
2026-02-25,Tai nghe,Social Media,Hà Nội,38,1481319,56290122
2026-02-25,Camera,Online,Đà Nẵng,5,16965055,84825275
2026-02-25,Camera,Offline,Đà Nẵng,4,18430952,73723808
2026-02-25,Camera,Đối tác,TP.HCM,5,17335220,86676100
2026-02-25,Camera,Social Media,Đà Nẵng,5,17718623,88593115
2026-02-26,Laptop,Online,Đà Nẵng,6,24544012,147264072
2026-02-26,Laptop,Offline,TP.HCM,6,24035691,144214146
2026-02-26,Laptop,Đối tác,Cần Thơ,8,25392245,203137960
2026-02-26,Laptop,Social Media,Đà Nẵng,8,24787792,198302336
2026-02-26,Điện thoại,Online,Hà Nội,23,8085978,185977494
2026-02-26,Điện thoại,Offline,Cần Thơ,24,8198225,196757400
2026-02-26,Điện thoại,Đối tác,Hải Phòng,23,7676668,176563364
2026-02-26,Điện thoại,Social Media,Hà Nội,32,7721596,247091072
2026-02-26,Máy tính bảng,Online,Cần Thơ,9,11714125,105427125
2026-02-26,Máy tính bảng,Offline,Hà Nội,10,12264325,122643250
2026-02-26,Máy tính bảng,Đối tác,Hải Phòng,10,12382611,123826110
2026-02-26,Máy tính bảng,Social Media,TP.HCM,10,11866678,118666780
2026-02-26,Tai nghe,Online,Cần Thơ,41,1540016,63140656
2026-02-26,Tai nghe,Offline,Hải Phòng,48,1461870,70169760
2026-02-26,Tai nghe,Đối tác,Đà Nẵng,52,1513044,78678288
2026-02-26,Tai nghe,Social Media,Đà Nẵng,38,1418123,53888674
2026-02-26,Camera,Online,Hải Phòng,5,17310915,86554575
2026-02-26,Camera,Offline,Hà Nội,5,18136652,90683260
2026-02-26,Camera,Đối tác,Đà Nẵng,5,17843667,89218335
2026-02-26,Camera,Social Media,TP.HCM,4,17164783,68659132
2026-02-27,Laptop,Online,Hà Nội,7,23533447,164734129
2026-02-27,Laptop,Offline,Đà Nẵng,7,25846437,180925059
2026-02-27,Laptop,Đối tác,Đà Nẵng,7,24444276,171109932
2026-02-27,Laptop,Social Media,Đà Nẵng,7,24052567,168367969
2026-02-27,Điện thoại,Online,Đà Nẵng,30,8176854,245305620
2026-02-27,Điện thoại,Offline,Cần Thơ,29,7529819,218364751
2026-02-27,Điện thoại,Đối tác,Đà Nẵng,29,7994267,231833743
2026-02-27,Điện thoại,Social Media,Đà Nẵng,26,7609618,197850068
2026-02-27,Máy tính bảng,Online,TP.HCM,10,11614462,116144620
2026-02-27,Máy tính bảng,Offline,Đà Nẵng,13,11596242,150751146
2026-02-27,Máy tính bảng,Đối tác,Đà Nẵng,9,11900544,107104896
2026-02-27,Máy tính bảng,Social Media,Hà Nội,13,12242850,159157050
2026-02-27,Tai nghe,Online,Hải Phòng,45,1458208,65619360
2026-02-27,Tai nghe,Offline,Hà Nội,51,1508076,76911876
2026-02-27,Tai nghe,Đối tác,Đà Nẵng,42,1472907,61862094
2026-02-27,Tai nghe,Social Media,Cần Thơ,51,1497329,76363779
2026-02-27,Camera,Online,Hải Phòng,5,17540523,87702615
2026-02-27,Camera,Offline,Hà Nội,5,18066474,90332370
2026-02-27,Camera,Đối tác,Cần Thơ,5,18126269,90631345
2026-02-27,Camera,Social Media,Hải Phòng,4,17231916,68927664
2026-02-28,Laptop,Online,Hải Phòng,6,23754067,142524402
2026-02-28,Laptop,Offline,Hà Nội,8,25307336,202458688
2026-02-28,Laptop,Đối tác,Hải Phòng,8,23965594,191724752
2026-02-28,Laptop,Social Media,Đà Nẵng,8,24062577,192500616
2026-02-28,Điện thoại,Online,Hà Nội,31,7767211,240783541
2026-02-28,Điện thoại,Offline,Đà Nẵng,27,7987771,215669817
2026-02-28,Điện thoại,Đối tác,Cần Thơ,32,7896664,252693248
2026-02-28,Điện thoại,Social Media,Hải Phòng,29,8015558,232451182
2026-02-28,Máy tính bảng,Online,Cần Thơ,13,11880567,154447371
2026-02-28,Máy tính bảng,Offline,Cần Thơ,11,11776771,129544481
2026-02-28,Máy tính bảng,Đối tác,Hà Nội,9,11523952,103715568
2026-02-28,Máy tính bảng,Social Media,Cần Thơ,13,12346700,160507100
2026-02-28,Tai nghe,Online,Cần Thơ,40,1538815,61552600
2026-02-28,Tai nghe,Offline,Hà Nội,52,1483155,77124060
2026-02-28,Tai nghe,Đối tác,Hà Nội,43,1419365,61032695
2026-02-28,Tai nghe,Social Media,Cần Thơ,43,1523787,65522841
2026-02-28,Camera,Online,Hà Nội,4,17211331,68845324
2026-02-28,Camera,Offline,TP.HCM,4,17701873,70807492
2026-02-28,Camera,Đối tác,Cần Thơ,4,18649214,74596856
2026-02-28,Camera,Social Media,Cần Thơ,3,17880200,53640600
2026-03-01,Laptop,Online,Đà Nẵng,1,25200615,25200615
2026-03-01,Laptop,Offline,Hải Phòng,1,24678614,24678614
2026-03-01,Laptop,Đối tác,Hà Nội,1,25164188,25164188
2026-03-01,Laptop,Social Media,Đà Nẵng,1,23967609,23967609
2026-03-01,Điện thoại,Online,Hải Phòng,7,7422662,51958634
2026-03-01,Điện thoại,Offline,TP.HCM,4,7597682,30390728
2026-03-01,Điện thoại,Đối tác,Hải Phòng,7,7634160,53439120
2026-03-01,Điện thoại,Social Media,Hà Nội,5,8071473,40357365
2026-03-01,Máy tính bảng,Online,Đà Nẵng,3,11249924,33749772
2026-03-01,Máy tính bảng,Offline,Cần Thơ,1,11319110,11319110
2026-03-01,Máy tính bảng,Đối tác,Hà Nội,2,11083507,22167014
2026-03-01,Máy tính bảng,Social Media,Hải Phòng,2,11484712,22969424
2026-03-01,Tai nghe,Online,TP.HCM,18,1475416,26557488
2026-03-01,Tai nghe,Offline,Hải Phòng,12,1468665,17623980
2026-03-01,Tai nghe,Đối tác,TP.HCM,18,1477344,26592192
2026-03-01,Tai nghe,Social Media,TP.HCM,11,1399097,15390067
2026-03-01,Camera,Online,Cần Thơ,1,17542555,17542555
2026-03-01,Camera,Offline,Cần Thơ,1,16945794,16945794
2026-03-01,Camera,Đối tác,TP.HCM,1,17742266,17742266
2026-03-01,Camera,Social Media,Hải Phòng,1,17644437,17644437
2026-03-02,Laptop,Online,Hà Nội,1,25216658,25216658
2026-03-02,Laptop,Offline,Hải Phòng,1,23323006,23323006
2026-03-02,Laptop,Đối tác,TP.HCM,1,24244517,24244517
2026-03-02,Laptop,Social Media,Hải Phòng,1,23675260,23675260
2026-03-02,Điện thoại,Online,Hải Phòng,9,7649747,68847723
2026-03-02,Điện thoại,Offline,Cần Thơ,4,7402578,29610312
2026-03-02,Điện thoại,Đối tác,Cần Thơ,8,7906046,63248368
2026-03-02,Điện thoại,Social Media,Cần Thơ,5,7374124,36870620
2026-03-02,Máy tính bảng,Online,TP.HCM,4,12030210,48120840
2026-03-02,Máy tính bảng,Offline,Cần Thơ,1,11162856,11162856
2026-03-02,Máy tính bảng,Đối tác,Hải Phòng,2,11900242,23800484
2026-03-02,Máy tính bảng,Social Media,Đà Nẵng,2,11589658,23179316
2026-03-02,Tai nghe,Online,Đà Nẵng,17,1389536,23622112
2026-03-02,Tai nghe,Offline,Hà Nội,14,1506252,21087528
2026-03-02,Tai nghe,Đối tác,Đà Nẵng,19,1427748,27127212
2026-03-02,Tai nghe,Social Media,TP.HCM,11,1492568,16418248
2026-03-02,Camera,Online,TP.HCM,1,16828636,16828636
2026-03-02,Camera,Offline,Hà Nội,1,18148845,18148845
2026-03-02,Camera,Đối tác,Hải Phòng,1,17866936,17866936
2026-03-02,Camera,Social Media,Đà Nẵng,1,16906290,16906290
2026-03-03,Laptop,Online,Cần Thơ,1,24144606,24144606
2026-03-03,Laptop,Offline,Cần Thơ,1,24197244,24197244
2026-03-03,Laptop,Đối tác,Cần Thơ,1,24970005,24970005
2026-03-03,Laptop,Social Media,TP.HCM,1,24799046,24799046
2026-03-03,Điện thoại,Online,Hà Nội,7,8079111,56553777
2026-03-03,Điện thoại,Offline,Cần Thơ,5,7898433,39492165
2026-03-03,Điện thoại,Đối tác,Hà Nội,7,7976631,55836417
2026-03-03,Điện thoại,Social Media,Hải Phòng,4,7903144,31612576
2026-03-03,Máy tính bảng,Online,Hà Nội,3,11626174,34878522
2026-03-03,Máy tính bảng,Offline,Cần Thơ,2,11131723,22263446
2026-03-03,Máy tính bảng,Đối tác,Đà Nẵng,2,12068738,24137476
2026-03-03,Máy tính bảng,Social Media,Hải Phòng,2,11729219,23458438
2026-03-03,Tai nghe,Online,Hải Phòng,17,1521313,25862321
2026-03-03,Tai nghe,Offline,Đà Nẵng,12,1482389,17788668
2026-03-03,Tai nghe,Đối tác,Hải Phòng,14,1478529,20699406
2026-03-03,Tai nghe,Social Media,Hà Nội,13,1478819,19224647
2026-03-03,Camera,Online,Cần Thơ,1,18029960,18029960
2026-03-03,Camera,Offline,Hải Phòng,1,17710374,17710374
2026-03-03,Camera,Đối tác,Hà Nội,1,17406378,17406378
2026-03-03,Camera,Social Media,Cần Thơ,1,16717714,16717714
2026-03-04,Laptop,Online,Cần Thơ,1,23839919,23839919
2026-03-04,Laptop,Offline,Đà Nẵng,1,23577563,23577563
2026-03-04,Laptop,Đối tác,Cần Thơ,1,23607374,23607374
2026-03-04,Laptop,Social Media,Cần Thơ,1,24427109,24427109
2026-03-04,Điện thoại,Online,TP.HCM,9,7718924,69470316
2026-03-04,Điện thoại,Offline,TP.HCM,6,7950305,47701830
2026-03-04,Điện thoại,Đối tác,TP.HCM,6,7691974,46151844
2026-03-04,Điện thoại,Social Media,Hải Phòng,5,8012905,40064525
2026-03-04,Máy tính bảng,Online,Hải Phòng,4,11800094,47200376
2026-03-04,Máy tính bảng,Offline,Hải Phòng,2,11819949,23639898
2026-03-04,Máy tính bảng,Đối tác,Cần Thơ,3,11480930,34442790
2026-03-04,Máy tính bảng,Social Media,TP.HCM,2,12040785,24081570
2026-03-04,Tai nghe,Online,Đà Nẵng,20,1472424,29448480
2026-03-04,Tai nghe,Offline,Cần Thơ,13,1435109,18656417
2026-03-04,Tai nghe,Đối tác,Cần Thơ,15,1492731,22390965
2026-03-04,Tai nghe,Social Media,Hà Nội,10,1433922,14339220
2026-03-04,Camera,Online,Đà Nẵng,1,17239812,17239812
2026-03-04,Camera,Offline,TP.HCM,1,16873615,16873615
2026-03-04,Camera,Đối tác,Hà Nội,1,17883424,17883424
2026-03-04,Camera,Social Media,Cần Thơ,1,17653547,17653547
2026-03-05,Laptop,Online,Hà Nội,1,25104071,25104071
2026-03-05,Laptop,Offline,Hà Nội,1,24932444,24932444
2026-03-05,Laptop,Đối tác,Đà Nẵng,1,24042590,24042590
2026-03-05,Laptop,Social Media,Hải Phòng,1,25200004,25200004
2026-03-05,Điện thoại,Online,Cần Thơ,8,8114003,64912024
2026-03-05,Điện thoại,Offline,Hà Nội,6,7375365,44252190
2026-03-05,Điện thoại,Đối tác,TP.HCM,7,7707860,53955020
2026-03-05,Điện thoại,Social Media,Hải Phòng,5,7766466,38832330
2026-03-05,Máy tính bảng,Online,Hà Nội,3,11260128,33780384
2026-03-05,Máy tính bảng,Offline,Hà Nội,1,11823355,11823355
2026-03-05,Máy tính bảng,Đối tác,Hải Phòng,3,11644784,34934352
2026-03-05,Máy tính bảng,Social Media,Cần Thơ,2,11766868,23533736
2026-03-05,Tai nghe,Online,Hà Nội,17,1522452,25881684
2026-03-05,Tai nghe,Offline,Đà Nẵng,12,1401655,16819860
2026-03-05,Tai nghe,Đối tác,Cần Thơ,18,1511226,27202068
2026-03-05,Tai nghe,Social Media,Hải Phòng,12,1484317,17811804
2026-03-05,Camera,Online,Đà Nẵng,1,18220404,18220404
2026-03-05,Camera,Offline,Hà Nội,1,17676796,17676796
2026-03-05,Camera,Đối tác,Đà Nẵng,1,18195400,18195400
2026-03-05,Camera,Social Media,Hà Nội,1,17722050,17722050
2026-03-06,Laptop,Online,Hà Nội,1,24721206,24721206
2026-03-06,Laptop,Offline,Đà Nẵng,1,24882379,24882379
2026-03-06,Laptop,Đối tác,Hải Phòng,1,24421297,24421297
2026-03-06,Laptop,Social Media,Cần Thơ,1,25205125,25205125
2026-03-06,Điện thoại,Online,Hải Phòng,7,8029505,56206535
2026-03-06,Điện thoại,Offline,TP.HCM,5,7391611,36958055
2026-03-06,Điện thoại,Đối tác,Hà Nội,6,7415925,44495550
2026-03-06,Điện thoại,Social Media,Đà Nẵng,6,7496885,44981310
2026-03-06,Máy tính bảng,Online,Đà Nẵng,3,11228442,33685326
2026-03-06,Máy tính bảng,Offline,TP.HCM,2,11401543,22803086
2026-03-06,Máy tính bảng,Đối tác,Hải Phòng,2,12005526,24011052
2026-03-06,Máy tính bảng,Social Media,TP.HCM,2,11844312,23688624
2026-03-06,Tai nghe,Online,Hải Phòng,22,1490271,32785962
2026-03-06,Tai nghe,Offline,Hải Phòng,11,1456589,16022479
2026-03-06,Tai nghe,Đối tác,Đà Nẵng,19,1389085,26392615
2026-03-06,Tai nghe,Social Media,Cần Thơ,12,1521450,18257400
2026-03-06,Camera,Online,Đà Nẵng,1,16680938,16680938
2026-03-06,Camera,Offline,Đà Nẵng,1,18104012,18104012
2026-03-06,Camera,Đối tác,Cần Thơ,1,18178455,18178455
2026-03-06,Camera,Social Media,Đà Nẵng,1,17541390,17541390
2026-03-07,Laptop,Online,Hải Phòng,1,24795417,24795417
2026-03-07,Laptop,Offline,Hà Nội,1,23467757,23467757
2026-03-07,Laptop,Đối tác,TP.HCM,1,23458953,23458953
2026-03-07,Laptop,Social Media,Hải Phòng,1,23136038,23136038
2026-03-07,Điện thoại,Online,Đà Nẵng,8,7472931,59783448
2026-03-07,Điện thoại,Offline,Hải Phòng,5,7376380,36881900
2026-03-07,Điện thoại,Đối tác,Cần Thơ,8,7492129,59937032
2026-03-07,Điện thoại,Social Media,Hà Nội,6,7835179,47011074
2026-03-07,Máy tính bảng,Online,Hải Phòng,4,11408544,45634176
2026-03-07,Máy tính bảng,Offline,Hải Phòng,2,11142833,22285666
2026-03-07,Máy tính bảng,Đối tác,Đà Nẵng,3,12171933,36515799
2026-03-07,Máy tính bảng,Social Media,Hải Phòng,2,11645983,23291966
2026-03-07,Tai nghe,Online,Cần Thơ,20,1440947,28818940
2026-03-07,Tai nghe,Offline,Đà Nẵng,10,1413292,14132920
2026-03-07,Tai nghe,Đối tác,Đà Nẵng,16,1424965,22799440
2026-03-07,Tai nghe,Social Media,Hải Phòng,13,1527259,19854367
2026-03-07,Camera,Online,TP.HCM,1,17191128,17191128
2026-03-07,Camera,Offline,Hà Nội,1,17658522,17658522
2026-03-07,Camera,Đối tác,Hải Phòng,1,16656625,16656625
2026-03-07,Camera,Social Media,Đà Nẵng,1,17977176,17977176
2026-03-08,Laptop,Online,TP.HCM,1,24347575,24347575
2026-03-08,Laptop,Offline,Đà Nẵng,1,24290904,24290904
2026-03-08,Laptop,Đối tác,Đà Nẵng,1,24271183,24271183
2026-03-08,Laptop,Social Media,Cần Thơ,1,25215832,25215832
2026-03-08,Điện thoại,Online,Hà Nội,7,7435900,52051300
2026-03-08,Điện thoại,Offline,TP.HCM,4,8114070,32456280
2026-03-08,Điện thoại,Đối tác,Hải Phòng,7,7858500,55009500
2026-03-08,Điện thoại,Social Media,Hà Nội,6,7972299,47833794
2026-03-08,Máy tính bảng,Online,Cần Thơ,4,11297294,45189176
2026-03-08,Máy tính bảng,Offline,Cần Thơ,2,12151870,24303740
2026-03-08,Máy tính bảng,Đối tác,Hà Nội,2,11892434,23784868
2026-03-08,Máy tính bảng,Social Media,TP.HCM,2,11121168,22242336
2026-03-08,Tai nghe,Online,Đà Nẵng,20,1465907,29318140
2026-03-08,Tai nghe,Offline,Hà Nội,14,1441560,20181840
2026-03-08,Tai nghe,Đối tác,Cần Thơ,18,1445255,26014590
2026-03-08,Tai nghe,Social Media,TP.HCM,12,1399463,16793556
2026-03-08,Camera,Online,TP.HCM,1,17666637,17666637
2026-03-08,Camera,Offline,Hải Phòng,1,18068046,18068046
2026-03-08,Camera,Đối tác,Đà Nẵng,1,16772312,16772312
2026-03-08,Camera,Social Media,Đà Nẵng,1,17078529,17078529
2026-03-09,Laptop,Online,Cần Thơ,1,25031146,25031146
2026-03-09,Laptop,Offline,TP.HCM,1,24331159,24331159
2026-03-09,Laptop,Đối tác,Hà Nội,1,24969668,24969668
2026-03-09,Laptop,Social Media,Hải Phòng,1,24575060,24575060
2026-03-09,Điện thoại,Online,Đà Nẵng,8,8081395,64651160
2026-03-09,Điện thoại,Offline,Đà Nẵng,6,7380652,44283912
2026-03-09,Điện thoại,Đối tác,Hải Phòng,6,7404415,44426490
2026-03-09,Điện thoại,Social Media,Hải Phòng,5,7788829,38944145
2026-03-09,Máy tính bảng,Online,TP.HCM,3,11929017,35787051
2026-03-09,Máy tính bảng,Offline,Đà Nẵng,2,12112151,24224302
2026-03-09,Máy tính bảng,Đối tác,Hải Phòng,2,11272167,22544334
2026-03-09,Máy tính bảng,Social Media,Hải Phòng,2,11284195,22568390
2026-03-09,Tai nghe,Online,Hà Nội,21,1464791,30760611
2026-03-09,Tai nghe,Offline,TP.HCM,14,1517909,21250726
2026-03-09,Tai nghe,Đối tác,Hải Phòng,17,1462226,24857842
2026-03-09,Tai nghe,Social Media,Đà Nẵng,14,1418725,19862150
2026-03-09,Camera,Online,Hà Nội,1,17437634,17437634
2026-03-09,Camera,Offline,Đà Nẵng,1,17759082,17759082
2026-03-09,Camera,Đối tác,Hà Nội,1,17668674,17668674
2026-03-09,Camera,Social Media,Hà Nội,1,17373827,17373827
2026-03-10,Laptop,Online,Hải Phòng,1,24719135,24719135
2026-03-10,Laptop,Offline,Hà Nội,1,23921396,23921396
2026-03-10,Laptop,Đối tác,Đà Nẵng,1,23446450,23446450
2026-03-10,Laptop,Social Media,Đà Nẵng,1,23574699,23574699
2026-03-10,Điện thoại,Online,Cần Thơ,7,7650961,53556727
2026-03-10,Điện thoại,Offline,Đà Nẵng,6,7731170,46387020
2026-03-10,Điện thoại,Đối tác,Đà Nẵng,8,7749889,61999112
2026-03-10,Điện thoại,Social Media,TP.HCM,4,7842743,31370972
2026-03-10,Máy tính bảng,Online,Đà Nẵng,4,11220961,44883844
2026-03-10,Máy tính bảng,Offline,Hải Phòng,1,11911845,11911845
2026-03-10,Máy tính bảng,Đối tác,TP.HCM,3,12096410,36289230
2026-03-10,Máy tính bảng,Social Media,Hải Phòng,2,12003915,24007830
2026-03-10,Tai nghe,Online,Hải Phòng,18,1468100,26425800
2026-03-10,Tai nghe,Offline,TP.HCM,12,1461324,17535888
2026-03-10,Tai nghe,Đối tác,Hải Phòng,17,1495041,25415697
2026-03-10,Tai nghe,Social Media,Đà Nẵng,12,1511954,18143448
2026-03-10,Camera,Online,Hải Phòng,1,17095084,17095084
2026-03-10,Camera,Offline,Cần Thơ,1,16745107,16745107
2026-03-10,Camera,Đối tác,Đà Nẵng,1,17744036,17744036
2026-03-10,Camera,Social Media,Hải Phòng,1,17909081,17909081
2026-03-11,Laptop,Online,Hà Nội,1,23471927,23471927
2026-03-11,Laptop,Offline,Hải Phòng,1,25384258,25384258
2026-03-11,Laptop,Đối tác,Cần Thơ,1,23135518,23135518
2026-03-11,Laptop,Social Media,Cần Thơ,1,23678566,23678566
2026-03-11,Điện thoại,Online,Hà Nội,6,7532456,45194736
2026-03-11,Điện thoại,Offline,Đà Nẵng,4,8084291,32337164
2026-03-11,Điện thoại,Đối tác,TP.HCM,6,7875255,47251530
2026-03-11,Điện thoại,Social Media,TP.HCM,6,7776585,46659510
2026-03-11,Máy tính bảng,Online,Đà Nẵng,4,11364499,45457996
2026-03-11,Máy tính bảng,Offline,Hải Phòng,2,11496431,22992862
2026-03-11,Máy tính bảng,Đối tác,Cần Thơ,3,11818483,35455449
2026-03-11,Máy tính bảng,Social Media,TP.HCM,2,11496046,22992092
2026-03-11,Tai nghe,Online,Hà Nội,19,1433596,27238324
2026-03-11,Tai nghe,Offline,Đà Nẵng,12,1452397,17428764
2026-03-11,Tai nghe,Đối tác,Hải Phòng,14,1510585,21148190
2026-03-11,Tai nghe,Social Media,Cần Thơ,11,1393466,15328126
2026-03-11,Camera,Online,Đà Nẵng,1,16913337,16913337
2026-03-11,Camera,Offline,Đà Nẵng,1,18013403,18013403
2026-03-11,Camera,Đối tác,Hà Nội,1,17163572,17163572
2026-03-11,Camera,Social Media,TP.HCM,1,17423010,17423010
2026-03-12,Laptop,Online,Hà Nội,1,24607103,24607103
2026-03-12,Laptop,Offline,Cần Thơ,1,23142125,23142125
2026-03-12,Laptop,Đối tác,Hải Phòng,1,23364205,23364205
2026-03-12,Laptop,Social Media,Hải Phòng,1,24425253,24425253
2026-03-12,Điện thoại,Online,TP.HCM,7,8087818,56614726
2026-03-12,Điện thoại,Offline,Hải Phòng,6,7837101,47022606
2026-03-12,Điện thoại,Đối tác,Hải Phòng,7,8053722,56376054
2026-03-12,Điện thoại,Social Media,Đà Nẵng,6,7540076,45240456
2026-03-12,Máy tính bảng,Online,Hải Phòng,4,12067539,48270156
2026-03-12,Máy tính bảng,Offline,Hà Nội,2,11536132,23072264
2026-03-12,Máy tính bảng,Đối tác,Hà Nội,3,12013007,36039021
2026-03-12,Máy tính bảng,Social Media,Hà Nội,2,11652576,23305152
2026-03-12,Tai nghe,Online,Hà Nội,21,1432108,30074268
2026-03-12,Tai nghe,Offline,Cần Thơ,12,1392266,16707192
2026-03-12,Tai nghe,Đối tác,Cần Thơ,16,1398046,22368736
2026-03-12,Tai nghe,Social Media,Hà Nội,13,1514558,19689254
2026-03-12,Camera,Online,Cần Thơ,1,17644222,17644222
2026-03-12,Camera,Offline,Hà Nội,1,17660350,17660350
2026-03-12,Camera,Đối tác,TP.HCM,1,17514876,17514876
2026-03-12,Camera,Social Media,TP.HCM,1,17738299,17738299
2026-03-13,Laptop,Online,Hải Phòng,1,23040410,23040410
2026-03-13,Laptop,Offline,Cần Thơ,1,23935665,23935665
2026-03-13,Laptop,Đối tác,TP.HCM,1,24077718,24077718
2026-03-13,Laptop,Social Media,Cần Thơ,1,23961998,23961998
2026-03-13,Điện thoại,Online,Hải Phòng,9,8076498,72688482
2026-03-13,Điện thoại,Offline,Hải Phòng,4,7475893,29903572
2026-03-13,Điện thoại,Đối tác,Cần Thơ,8,8078226,64625808
2026-03-13,Điện thoại,Social Media,TP.HCM,5,8052370,40261850
2026-03-13,Máy tính bảng,Online,Cần Thơ,3,11064366,33193098
2026-03-13,Máy tính bảng,Offline,TP.HCM,2,11195152,22390304
2026-03-13,Máy tính bảng,Đối tác,TP.HCM,3,11297107,33891321
2026-03-13,Máy tính bảng,Social Media,Đà Nẵng,2,11182062,22364124
2026-03-13,Tai nghe,Online,Cần Thơ,20,1419153,28383060
2026-03-13,Tai nghe,Offline,Hải Phòng,11,1435451,15789961
2026-03-13,Tai nghe,Đối tác,Đà Nẵng,21,1440079,30241659
2026-03-13,Tai nghe,Social Media,Hà Nội,13,1496291,19451783
2026-03-13,Camera,Online,Cần Thơ,1,17563177,17563177
2026-03-13,Camera,Offline,Cần Thơ,1,17122416,17122416
2026-03-13,Camera,Đối tác,Đà Nẵng,1,17282134,17282134
2026-03-13,Camera,Social Media,Hà Nội,1,17738107,17738107
2026-03-14,Laptop,Online,Hà Nội,1,24733330,24733330
2026-03-14,Laptop,Offline,Hà Nội,1,24270233,24270233
2026-03-14,Laptop,Đối tác,Đà Nẵng,1,24526511,24526511
2026-03-14,Laptop,Social Media,TP.HCM,1,25376582,25376582
2026-03-14,Điện thoại,Online,TP.HCM,9,8010846,72097614
2026-03-14,Điện thoại,Offline,Cần Thơ,6,7709852,46259112
2026-03-14,Điện thoại,Đối tác,TP.HCM,6,7659768,45958608
2026-03-14,Điện thoại,Social Media,Hải Phòng,4,7670236,30680944
2026-03-14,Máy tính bảng,Online,Cần Thơ,3,11664450,34993350
2026-03-14,Máy tính bảng,Offline,Hải Phòng,1,11958480,11958480
2026-03-14,Máy tính bảng,Đối tác,Hà Nội,3,11568963,34706889
2026-03-14,Máy tính bảng,Social Media,Hà Nội,2,12141402,24282804
2026-03-14,Tai nghe,Online,Hải Phòng,18,1387140,24968520
2026-03-14,Tai nghe,Offline,Hải Phòng,12,1483874,17806488
2026-03-14,Tai nghe,Đối tác,Hải Phòng,15,1387496,20812440
2026-03-14,Tai nghe,Social Media,Hà Nội,14,1524206,21338884
2026-03-14,Camera,Online,TP.HCM,1,17948308,17948308
2026-03-14,Camera,Offline,Đà Nẵng,1,17294917,17294917
2026-03-14,Camera,Đối tác,Hà Nội,1,17873671,17873671
2026-03-14,Camera,Social Media,TP.HCM,1,17546588,17546588
2026-03-15,Laptop,Online,Hải Phòng,1,23881630,23881630
2026-03-15,Laptop,Offline,Đà Nẵng,1,25372913,25372913
2026-03-15,Laptop,Đối tác,Cần Thơ,1,24431648,24431648
2026-03-15,Laptop,Social Media,Đà Nẵng,1,24265127,24265127
2026-03-15,Điện thoại,Online,Hải Phòng,6,7600339,45602034
2026-03-15,Điện thoại,Offline,TP.HCM,5,8114406,40572030
2026-03-15,Điện thoại,Đối tác,Hải Phòng,8,7818117,62544936
2026-03-15,Điện thoại,Social Media,Cần Thơ,6,7809018,46854108
2026-03-15,Máy tính bảng,Online,Hà Nội,3,12176881,36530643
2026-03-15,Máy tính bảng,Offline,Cần Thơ,2,12101553,24203106
2026-03-15,Máy tính bảng,Đối tác,TP.HCM,3,11358102,34074306
2026-03-15,Máy tính bảng,Social Media,Cần Thơ,2,12215246,24430492
2026-03-15,Tai nghe,Online,Hà Nội,22,1442257,31729654
2026-03-15,Tai nghe,Offline,Đà Nẵng,12,1383664,16603968
2026-03-15,Tai nghe,Đối tác,Đà Nẵng,15,1395782,20936730
2026-03-15,Tai nghe,Social Media,Đà Nẵng,11,1517768,16695448
2026-03-15,Camera,Online,Cần Thơ,1,16968616,16968616
2026-03-15,Camera,Offline,Hải Phòng,1,18240668,18240668
2026-03-15,Camera,Đối tác,Hà Nội,1,16935617,16935617
2026-03-15,Camera,Social Media,Hà Nội,1,16948035,16948035
2026-03-16,Laptop,Online,Hà Nội,1,25065611,25065611
2026-03-16,Laptop,Offline,Đà Nẵng,1,23296221,23296221
2026-03-16,Laptop,Đối tác,TP.HCM,1,24646303,24646303
2026-03-16,Laptop,Social Media,Hải Phòng,1,25115941,25115941
2026-03-16,Điện thoại,Online,TP.HCM,9,7660048,68940432
2026-03-16,Điện thoại,Offline,Đà Nẵng,5,8136640,40683200
2026-03-16,Điện thoại,Đối tác,Hải Phòng,8,7752864,62022912
2026-03-16,Điện thoại,Social Media,Hải Phòng,5,7544343,37721715
2026-03-16,Máy tính bảng,Online,Hải Phòng,3,11669956,35009868
2026-03-16,Máy tính bảng,Offline,Cần Thơ,2,11687453,23374906
2026-03-16,Máy tính bảng,Đối tác,Hải Phòng,3,12059505,36178515
2026-03-16,Máy tính bảng,Social Media,Hà Nội,2,11198108,22396216
2026-03-16,Tai nghe,Online,Hải Phòng,19,1482530,28168070
2026-03-16,Tai nghe,Offline,TP.HCM,13,1437456,18686928
2026-03-16,Tai nghe,Đối tác,TP.HCM,16,1471409,23542544
2026-03-16,Tai nghe,Social Media,Đà Nẵng,11,1420494,15625434
2026-03-16,Camera,Online,Đà Nẵng,1,17657444,17657444
2026-03-16,Camera,Offline,Đà Nẵng,1,17327204,17327204
2026-03-16,Camera,Đối tác,Cần Thơ,1,17237052,17237052
2026-03-16,Camera,Social Media,Cần Thơ,1,16901086,16901086
2026-03-17,Laptop,Online,Hà Nội,1,24701078,24701078
2026-03-17,Laptop,Offline,TP.HCM,1,24987412,24987412
2026-03-17,Laptop,Đối tác,Hải Phòng,1,23961142,23961142
2026-03-17,Laptop,Social Media,Hà Nội,1,24828464,24828464
2026-03-17,Điện thoại,Online,Cần Thơ,9,7509047,67581423
2026-03-17,Điện thoại,Offline,Cần Thơ,4,8065177,32260708
2026-03-17,Điện thoại,Đối tác,Hải Phòng,7,7617004,53319028
2026-03-17,Điện thoại,Social Media,Cần Thơ,5,7808219,39041095
2026-03-17,Máy tính bảng,Online,Hải Phòng,2,11173206,22346412
2026-03-17,Máy tính bảng,Offline,Hà Nội,1,12005284,12005284
2026-03-17,Máy tính bảng,Đối tác,Cần Thơ,3,11170095,33510285
2026-03-17,Máy tính bảng,Social Media,Đà Nẵng,2,11477396,22954792
2026-03-17,Tai nghe,Online,Hải Phòng,23,1419747,32654181
2026-03-17,Tai nghe,Offline,TP.HCM,11,1433333,15766663
2026-03-17,Tai nghe,Đối tác,Hải Phòng,15,1466042,21990630
2026-03-17,Tai nghe,Social Media,Hải Phòng,11,1495784,16453624
2026-03-17,Camera,Online,Đà Nẵng,1,17478236,17478236
2026-03-17,Camera,Offline,Cần Thơ,1,17252349,17252349
2026-03-17,Camera,Đối tác,Đà Nẵng,1,18257213,18257213
2026-03-17,Camera,Social Media,Hà Nội,1,18208277,18208277
2026-03-18,Laptop,Online,Cần Thơ,1,24423721,24423721
2026-03-18,Laptop,Offline,TP.HCM,1,23870791,23870791
2026-03-18,Laptop,Đối tác,Đà Nẵng,1,23744039,23744039
2026-03-18,Laptop,Social Media,Đà Nẵng,1,23996479,23996479
2026-03-18,Điện thoại,Online,Cần Thơ,9,8100485,72904365
2026-03-18,Điện thoại,Offline,Hải Phòng,5,7721423,38607115
2026-03-18,Điện thoại,Đối tác,Hà Nội,6,7389926,44339556
2026-03-18,Điện thoại,Social Media,Hà Nội,6,8101779,48610674
2026-03-18,Máy tính bảng,Online,TP.HCM,3,11520161,34560483
2026-03-18,Máy tính bảng,Offline,TP.HCM,1,12080796,12080796
2026-03-18,Máy tính bảng,Đối tác,Hải Phòng,2,11955366,23910732
2026-03-18,Máy tính bảng,Social Media,Hải Phòng,2,11154904,22309808
2026-03-18,Tai nghe,Online,Đà Nẵng,20,1394517,27890340
2026-03-18,Tai nghe,Offline,Cần Thơ,11,1418246,15600706
2026-03-18,Tai nghe,Đối tác,Đà Nẵng,17,1400642,23810914
2026-03-18,Tai nghe,Social Media,Hải Phòng,15,1386407,20796105
2026-03-18,Camera,Online,Đà Nẵng,1,17154801,17154801
2026-03-18,Camera,Offline,Cần Thơ,1,18107588,18107588
2026-03-18,Camera,Đối tác,Đà Nẵng,1,16822910,16822910
2026-03-18,Camera,Social Media,Hải Phòng,1,17630382,17630382
2026-03-19,Laptop,Online,Hải Phòng,1,24588982,24588982
2026-03-19,Laptop,Offline,Hải Phòng,1,23879383,23879383
2026-03-19,Laptop,Đối tác,Hải Phòng,1,23254668,23254668
2026-03-19,Laptop,Social Media,Đà Nẵng,1,23667532,23667532
2026-03-19,Điện thoại,Online,Đà Nẵng,6,7778093,46668558
2026-03-19,Điện thoại,Offline,Hà Nội,4,7736097,30944388
2026-03-19,Điện thoại,Đối tác,TP.HCM,8,7753738,62029904
2026-03-19,Điện thoại,Social Media,Cần Thơ,5,7966314,39831570
2026-03-19,Máy tính bảng,Online,Đà Nẵng,3,11985437,35956311
2026-03-19,Máy tính bảng,Offline,Hải Phòng,2,11537260,23074520
2026-03-19,Máy tính bảng,Đối tác,Hải Phòng,3,11348879,34046637
2026-03-19,Máy tính bảng,Social Media,Cần Thơ,2,11314769,22629538
2026-03-19,Tai nghe,Online,TP.HCM,19,1417106,26925014
2026-03-19,Tai nghe,Offline,Hải Phòng,13,1481865,19264245
2026-03-19,Tai nghe,Đối tác,Đà Nẵng,18,1459647,26273646
2026-03-19,Tai nghe,Social Media,Đà Nẵng,13,1506431,19583603
2026-03-19,Camera,Online,Hà Nội,1,16779682,16779682
2026-03-19,Camera,Offline,Cần Thơ,1,17062146,17062146
2026-03-19,Camera,Đối tác,Hải Phòng,1,17146843,17146843
2026-03-19,Camera,Social Media,Hà Nội,1,17521058,17521058
2026-03-20,Laptop,Online,Hà Nội,1,23721627,23721627
2026-03-20,Laptop,Offline,Hà Nội,1,24800734,24800734
2026-03-20,Laptop,Đối tác,Hà Nội,1,23073207,23073207
2026-03-20,Laptop,Social Media,Hà Nội,1,23793073,23793073
2026-03-20,Điện thoại,Online,Cần Thơ,10,7731819,77318190
2026-03-20,Điện thoại,Offline,TP.HCM,4,8026591,32106364
2026-03-20,Điện thoại,Đối tác,Hà Nội,6,7973906,47843436
2026-03-20,Điện thoại,Social Media,TP.HCM,5,7512924,37564620
2026-03-20,Máy tính bảng,Online,Đà Nẵng,4,12022085,48088340
2026-03-20,Máy tính bảng,Offline,TP.HCM,2,11889890,23779780
2026-03-20,Máy tính bảng,Đối tác,Cần Thơ,3,11573606,34720818
2026-03-20,Máy tính bảng,Social Media,TP.HCM,2,11913915,23827830
2026-03-20,Tai nghe,Online,TP.HCM,19,1525147,28977793
2026-03-20,Tai nghe,Offline,Cần Thơ,11,1522106,16743166
2026-03-20,Tai nghe,Đối tác,Đà Nẵng,15,1488208,22323120
2026-03-20,Tai nghe,Social Media,Hải Phòng,13,1419107,18448391
2026-03-20,Camera,Online,Đà Nẵng,1,18136609,18136609
2026-03-20,Camera,Offline,Hà Nội,1,16998996,16998996
2026-03-20,Camera,Đối tác,Cần Thơ,1,16879211,16879211
2026-03-20,Camera,Social Media,Đà Nẵng,1,17278081,17278081
2026-03-21,Laptop,Online,Hà Nội,1,23139333,23139333
2026-03-21,Laptop,Offline,Cần Thơ,1,23413355,23413355
2026-03-21,Laptop,Đối tác,TP.HCM,1,24249804,24249804
2026-03-21,Laptop,Social Media,Hải Phòng,1,25388905,25388905
2026-03-21,Điện thoại,Online,TP.HCM,6,7872190,47233140
2026-03-21,Điện thoại,Offline,Hải Phòng,5,7469642,37348210
2026-03-21,Điện thoại,Đối tác,Hà Nội,6,7805279,46831674
2026-03-21,Điện thoại,Social Media,Đà Nẵng,6,7712445,46274670
2026-03-21,Máy tính bảng,Online,Hà Nội,2,11497723,22995446
2026-03-21,Máy tính bảng,Offline,Hà Nội,2,11103964,22207928
2026-03-21,Máy tính bảng,Đối tác,Cần Thơ,3,11689742,35069226
2026-03-21,Máy tính bảng,Social Media,Cần Thơ,2,11275233,22550466
2026-03-21,Tai nghe,Online,Đà Nẵng,18,1450401,26107218
2026-03-21,Tai nghe,Offline,Hải Phòng,14,1462932,20481048
2026-03-21,Tai nghe,Đối tác,TP.HCM,17,1447635,24609795
2026-03-21,Tai nghe,Social Media,Đà Nẵng,13,1448318,18828134
2026-03-21,Camera,Online,Hải Phòng,1,16910942,16910942
2026-03-21,Camera,Offline,TP.HCM,1,17222675,17222675
2026-03-21,Camera,Đối tác,Hải Phòng,1,17845872,17845872
2026-03-21,Camera,Social Media,Hải Phòng,1,16918512,16918512
2026-03-22,Laptop,Online,Cần Thơ,1,23411268,23411268
2026-03-22,Laptop,Offline,Đà Nẵng,1,24591692,24591692
2026-03-22,Laptop,Đối tác,TP.HCM,1,24635310,24635310
2026-03-22,Laptop,Social Media,TP.HCM,1,23352202,23352202
2026-03-22,Điện thoại,Online,TP.HCM,7,7748647,54240529
2026-03-22,Điện thoại,Offline,TP.HCM,4,7869999,31479996
2026-03-22,Điện thoại,Đối tác,Cần Thơ,7,7780037,54460259
2026-03-22,Điện thoại,Social Media,Hải Phòng,5,7656290,38281450
2026-03-22,Máy tính bảng,Online,Hải Phòng,3,11073232,33219696
2026-03-22,Máy tính bảng,Offline,Hà Nội,2,12138661,24277322
2026-03-22,Máy tính bảng,Đối tác,TP.HCM,3,11801699,35405097
2026-03-22,Máy tính bảng,Social Media,Đà Nẵng,2,12150115,24300230
2026-03-22,Tai nghe,Online,Cần Thơ,22,1497813,32951886
2026-03-22,Tai nghe,Offline,TP.HCM,13,1420926,18472038
2026-03-22,Tai nghe,Đối tác,TP.HCM,19,1503663,28569597
2026-03-22,Tai nghe,Social Media,TP.HCM,15,1522015,22830225
2026-03-22,Camera,Online,TP.HCM,1,16990357,16990357
2026-03-22,Camera,Offline,Cần Thơ,1,17505731,17505731
2026-03-22,Camera,Đối tác,Hà Nội,1,18241340,18241340
2026-03-22,Camera,Social Media,Hải Phòng,1,17311912,17311912
2026-03-23,Laptop,Online,TP.HCM,1,24435666,24435666
2026-03-23,Laptop,Offline,Cần Thơ,1,24073156,24073156
2026-03-23,Laptop,Đối tác,TP.HCM,1,23474961,23474961
2026-03-23,Laptop,Social Media,Cần Thơ,1,24632014,24632014
2026-03-23,Điện thoại,Online,Hải Phòng,10,7715777,77157770
2026-03-23,Điện thoại,Offline,Đà Nẵng,6,7798863,46793178
2026-03-23,Điện thoại,Đối tác,Đà Nẵng,8,7691978,61535824
2026-03-23,Điện thoại,Social Media,Cần Thơ,6,7622997,45737982
2026-03-23,Máy tính bảng,Online,Hà Nội,3,11307012,33921036
2026-03-23,Máy tính bảng,Offline,Hải Phòng,2,11353759,22707518
2026-03-23,Máy tính bảng,Đối tác,Cần Thơ,3,11520213,34560639
2026-03-23,Máy tính bảng,Social Media,TP.HCM,2,11751467,23502934
2026-03-23,Tai nghe,Online,Hải Phòng,16,1511792,24188672
2026-03-23,Tai nghe,Offline,TP.HCM,11,1414534,15559874
2026-03-23,Tai nghe,Đối tác,Đà Nẵng,14,1501842,21025788
2026-03-23,Tai nghe,Social Media,Đà Nẵng,15,1456640,21849600
2026-03-23,Camera,Online,Hải Phòng,1,16857132,16857132
2026-03-23,Camera,Offline,TP.HCM,1,16859563,16859563
2026-03-23,Camera,Đối tác,Đà Nẵng,1,17603443,17603443
2026-03-23,Camera,Social Media,Hà Nội,1,17111328,17111328
2026-03-24,Laptop,Online,Hải Phòng,1,25263363,25263363
2026-03-24,Laptop,Offline,TP.HCM,1,24960292,24960292
2026-03-24,Laptop,Đối tác,Hà Nội,1,25217633,25217633
2026-03-24,Laptop,Social Media,Hải Phòng,1,23268757,23268757
2026-03-24,Điện thoại,Online,Đà Nẵng,6,7999272,47995632
2026-03-24,Điện thoại,Offline,Cần Thơ,4,7415396,29661584
2026-03-24,Điện thoại,Đối tác,Đà Nẵng,7,8006101,56042707
2026-03-24,Điện thoại,Social Media,Cần Thơ,6,7465539,44793234
2026-03-24,Máy tính bảng,Online,Hà Nội,3,12046792,36140376
2026-03-24,Máy tính bảng,Offline,TP.HCM,2,11793873,23587746
2026-03-24,Máy tính bảng,Đối tác,TP.HCM,3,11105936,33317808
2026-03-24,Máy tính bảng,Social Media,Hải Phòng,2,11438432,22876864
2026-03-24,Tai nghe,Online,Hà Nội,16,1480263,23684208
2026-03-24,Tai nghe,Offline,Cần Thơ,14,1491788,20885032
2026-03-24,Tai nghe,Đối tác,Hải Phòng,17,1414563,24047571
2026-03-24,Tai nghe,Social Media,Đà Nẵng,15,1403785,21056775
2026-03-24,Camera,Online,Đà Nẵng,1,17584735,17584735
2026-03-24,Camera,Offline,TP.HCM,1,17045426,17045426
2026-03-24,Camera,Đối tác,Cần Thơ,1,17938098,17938098
2026-03-24,Camera,Social Media,Hà Nội,1,17426690,17426690
2026-03-25,Laptop,Online,Hà Nội,1,24619202,24619202
2026-03-25,Laptop,Offline,Hà Nội,1,25455416,25455416
2026-03-25,Laptop,Đối tác,Hải Phòng,1,23211236,23211236
2026-03-25,Laptop,Social Media,Cần Thơ,1,25278534,25278534
2026-03-25,Điện thoại,Online,TP.HCM,7,7692939,53850573
2026-03-25,Điện thoại,Offline,Đà Nẵng,4,7620892,30483568
2026-03-25,Điện thoại,Đối tác,Hải Phòng,7,7969272,55784904
2026-03-25,Điện thoại,Social Media,Hà Nội,6,7850187,47101122
2026-03-25,Máy tính bảng,Online,Cần Thơ,3,11570699,34712097
2026-03-25,Máy tính bảng,Offline,Hà Nội,1,11493127,11493127
2026-03-25,Máy tính bảng,Đối tác,TP.HCM,2,11121482,22242964
2026-03-25,Máy tính bảng,Social Media,Hải Phòng,2,12069227,24138454
2026-03-25,Tai nghe,Online,Đà Nẵng,15,1483197,22247955
2026-03-25,Tai nghe,Offline,TP.HCM,11,1450808,15958888
2026-03-25,Tai nghe,Đối tác,Đà Nẵng,15,1460529,21907935
2026-03-25,Tai nghe,Social Media,Hà Nội,13,1491426,19388538
2026-03-25,Camera,Online,Hải Phòng,1,17861446,17861446
2026-03-25,Camera,Offline,Hà Nội,1,17753782,17753782
2026-03-25,Camera,Đối tác,Cần Thơ,1,17745520,17745520
2026-03-25,Camera,Social Media,TP.HCM,1,16691952,16691952
